adulterant,source,auto SMILES
(2-ethylhexyl)phthalate (dehp),usp,
"-bornyl acetate, isobornyl acetate, -limonene, alpha-pinene, and camphene",usp,
"1,3 dimethylamylamine",rasff,CC(CC(CC)C)N
"1,3-dimethylbutylamine",rasff,CC(CC(C)C)N
"1,3-pentadiene",rasff,C=CC=CC
"2,4-dinitrophenol",rasff,[N+](=O)([O-])C1=C(C=CC(=C1)[N+](=O)[O-])O
2-methyl-2-propanol,rasff,CC(C)(C)O
"3,3'-diindolylmethane",rasff,C(c1c[nH]c2ccccc12)c3c[nH]c4ccccc34
3- aminotriazole,usp,NN1N=NC=C1
"3-monochlor-1,2-propanediol",rasff,
4- aminotriazole,usp,NC=1N=NNC1
4-hexylresorcinol,rasff,C(CCCCC)C1=C(C=C(O)C=C1)O
4-methoxychalcone,usp,COC1=CC=C(C=C1)C=CC(=O)C1=CC=CC=C1
5-hydroxytryptophan,rasff,OC1=CC=C2NC=C(C[C@H](N)C(=O)O)C2=C1
6-benzyladenine,ema,C(C1=CC=CC=C1)C1(C2=NC=NC2=NC=N1)N
a syrup substance,ema,
abietic acid,rasff,CC(C)C1=CC2=CC[C@@H]3[C@](C)(CCC[C@@]3(C)C(O)=O)[C@H]2CC1
abitol with small amounts of ambroxan and p-methyl acetophenone to enhance odour,usp,
acesulfame k,rasff,[K+].CC1=CC(=O)N=[S]([O-])(=O)O1
acetic acid (synthetic),usp,
acetildenafil,rasff,
acid insoluble ash,ema,
acid whey,usp,
acorns,usp,
acrolein,ema,C(=O)C=C
acrylamide,rasff,C(C=C)(=O)N
activated carbon,rasff,
added color,usp,
added color,ema,
added sugars,usp,
addition of water,ema,
additional meat species,ema,
additives,ema,
"admixture of linalol, linalyl acetate, alpha-terpineol, geranyl, and neryl acetates with trace amounts of pyrazines",usp,
adulterated khoya,ema,
adulterated mawa,ema,
aflatoxin,ema,
aflatoxins,rasff,
agar,rasff,
agric white oil and red color additive,usp,
aircraft machine oil,usp,
alanine,usp,N[C@@H](C)C(=O)O
alaskan pollack,usp,
alcohol,rasff,CCO
alcohol,ema,CCO
alcohol,fda,CCO
alcohol-derived vinegar,usp,
aliphatic hydrocarbons,rasff,
aliphatic sulphide mixtures,usp,
"aliphatic sulphide mixtures containing 2-propenyl disulphide, and 1-propenyl disulphide",usp,
alkaline phosphatase,ema,
alkalinity,rasff,
allantoin,usp,NC(=O)NC1NC(=O)NC1=O
allura red,usp,[Na+].[Na+].COc1cc(c(C)cc1N\N=C2\C(=O)C=Cc3cc(ccc23)[S]([O-])(=O)=O)[S]([O-])(=O)=O
allura red ac,rasff,[Na+].[Na+].COc1cc(c(C)cc1N\N=C2\C(=O)C=Cc3cc(ccc23)[S]([O-])(=O)=O)[S]([O-])(=O)=O
allyl isothiocyanate,usp,C(C=C)N=C=S
allyl isothiocyanate and color,usp,
almond husk,usp,
almond oil,usp,
almond shell powder,usp,
almonds (butte),usp,
alopias superciliosus [shark,ema,
alpha-phellandrene and limonene,usp,
"alpha-pinene, d-3-carene, myrcene",usp,
alternate fish species,ema,
aluminium,rasff,[Al]
aluminium ammonium sulphate,rasff,S(=O)(=O)([O-])[O-].[NH4+].[Al+3].S(=O)(=O)([O-])[O-]
aluminium sodium sulphate,rasff,S(=O)(=O)([O-])[O-].[Na+].[Al+3].S(=O)(=O)([O-])[O-]
aluminum,usp,[Al]
aluminum,ema,[Al]
aluminum foil,usp,
amaranth,rasff,[Na+].[Na+].[Na+].[O-][S](=O)(=O)c1ccc2c(c1)C=C(C(=O)/C2=N/Nc3ccc(c4ccccc34)[S]([O-])(=O)=O)[S]([O-])(=O)=O
amaranth,usp,[Na+].[Na+].[Na+].[O-][S](=O)(=O)c1ccc2c(c1)C=C(C(=O)/C2=N/Nc3ccc(c4ccccc34)[S]([O-])(=O)=O)[S]([O-])(=O)=O
amaranth color additive,usp,
amaranth dye,usp,
amaranth dye or non-authentic source of anthocyanins,usp,
american caviar,ema,
amidinourea,usp,C(N)(=N)NC(=O)N
amino acids,ema,
aminotriazine,usp,NC1=NN=NC=C1
ammelide,usp,NC1=NC(=O)NC(=O)N1
ammeline,usp,NC1=NC(=O)N=C(N)N1
ammonia,ema,N
ammonium chloride,ema,[Cl-].[NH4+]
ammonium nitrate,ema,[N+](=O)([O-])[O-].[NH4+]
ammonium nitrate,usp,[N+](=O)([O-])[O-].[NH4+]
ammonium sulfate,usp,S(=O)(=O)([O-])[O-].[NH4+].[NH4+]
ammonium sulfate,ema,S(=O)(=O)([O-])[O-].[NH4+].[NH4+]
and pork products,ema,
androstenedione,fda,C[C@@]12C(=O)CC[C@H]1[C@@H]1CCC3=CC(=O)CC[C@]3(C)[C@H]1CC2
androstenedione,rasff,C[C@@]12C(=O)CC[C@H]1[C@@H]1CCC3=CC(=O)CC[C@]3(C)[C@H]1CC2
anglerfish of non-authentic species,usp,
aniline,ema,NC1=CC=CC=C1
animal drug,fda,
"animal fat (lard, beef tallow, or chicken fat)",usp,
animal feed oil,ema,
animal ingredients,rasff,
animal protein,rasff,
animal-by-product,ema,
animal-derived tyrosine,usp,
animal-feed grade oil,usp,
annato/bixin/norbixin,rasff,
annatto,usp,
anthocyannins extracted from black rice,usp,
antibiotics,ema,
antifreeze,ema,
antimony,rasff,[Sb]
antiretroviral drugs (arvs),ema,
apple juice,ema,
apple juice,usp,
apple or pear puree,usp,
apple puree,usp,
"apple, plum, sugar solutions, red grape juice, and rhubarb compote",usp,
apricot kernels,usp,
aregmone oil,usp,
aregmone oil with allyl isothiocyanate and mustard yellow color,usp,
argemone oil,usp,
argemone oil (argemone mexicana),usp,
argemone oil (argemone mexicana),usp,
argemone seed oil,usp,
argemone seeds,usp,
argentine honey,ema,
argentine pepper weed,ema,
argentinean sunflower-seed oil,ema,
arginine,usp,N[C@@H](CCCNC(N)=N)C(=O)O
aromatic aldehydes,ema,
aromatic hydrocarbons,rasff,
arrowroot,usp,
arrowroot,ema,
arsenic,ema,[As]
arsenic,rasff,[As]
arsenic contaminated sodium phosphate,usp,
artificial color,ema,
artificial coloring,ema,
artificial colors,usp,
artificial colors,ema,
artificial flavoring,ema,
artificial milk flavors,ema,
artificial sweeteners,usp,
artificial sweeteners,ema,
artificially colored fennel seeds,usp,
artificially colored filler,usp,
artificially colored non-authentic seed,usp,
ash,ema,[AsH3]
ash colored rice bran,ema,
asian actaea species,usp,
asian basa,usp,
asian catfish,ema,
asian catfish (china basa),usp,
aspartame,rasff,COC(=O)C(Cc1ccccc1)NC(=O)C(N)CC(O)=O
aspartame,ema,COC(=O)C(Cc1ccccc1)NC(=O)C(N)CC(O)=O
aspartic acid,usp,N[C@@H](CC(=O)O)C(=O)O
atlantic salmon (salmo salar),usp,
atropine sulfate,ema,
avocado oil,ema,
azodicarbonamide,rasff,NC(=O)N=NC(N)=O
azorubine,rasff,
azorubine,usp,
azorubine dye,usp,
bacon,ema,
bacteria,ema,
bad hygienic state,rasff,
banded coral shrimp,ema,
barium,rasff,[Ba]
barium sulfate,usp,S(=O)(=O)([O-])[O-].[Ba+2]
barley,usp,
barley (food-grade),usp,
basa,ema,
basic red 46 dye,usp,
bastard sole,ema,
bearded brotula,ema,
bearded brotula (cuskeel),ema,
beef,ema,
beef and pork gristle and bones,usp,
beef fat,ema,
beef fat,usp,
beef from unhealthy cattle,ema,
beef hearts,ema,
beef jerky,ema,
beef meat,ema,
beef meat (bos indicus),usp,
beef meat (grain-fed),usp,
beef tallow,ema,
beef tallow,usp,
beef unfit for human consumption,ema,
beet fiber,usp,
beet invert syrup,usp,
beet medium invert sugar,usp,
beet medium invert syrup,usp,
beet sugar,ema,OC[C@H]1O[C@H](O[C@]2(CO)O[C@H](CO)[C@@H](O)[C@@H]2O)[C@H](O)[C@@H](O)[C@@H]1O
beet sugar,usp,OC[C@H]1O[C@H](O[C@]2(CO)O[C@H](CO)[C@@H](O)[C@@H]2O)[C@H](O)[C@@H](O)[C@@H]1O
beluga caviar,ema,
"benzaldehyde, as the oil",usp,
benzalkonium chloride,usp,[Cl-].CCCCCCCCCCCCCC[N+](C)(C)Cc1ccccc1
benzalkonium chloride,rasff,[Cl-].CCCCCCCCCCCCCC[N+](C)(C)Cc1ccccc1
benzalkonium chloride (antimicrobial compound),usp,
benzene,rasff,C1=CC=CC=C1
benzethonium chloride,usp,[Cl-].CC(C)(C)CC(C)(C)c1ccc(OCCOCC[N+](C)(C)Cc2ccccc2)cc1
benzethonium chloride,rasff,[Cl-].CC(C)(C)CC(C)(C)c1ccc(OCCOCC[N+](C)(C)Cc2ccccc2)cc1
benzethonium chloride (antimicrobial compound),usp,
benzo(a)anthracene,rasff,C1=CC=CC=2C1=C1C=C3C=CC=CC3=CC1=CC2
benzo(a)pyrene,rasff,C1=CC=C2C=CC=3C=C4C(=C5C=CC1=C2C53)C=CC=C4
benzo(a)pyrene (bap),ema,
benzoic acid,rasff,C(C1=CC=CC=C1)(=O)O
benzoic acid (preservative),ema,
benzophenone,rasff,C(C1=CC=CC=C1)(=O)C1=CC=CC=C1
"benzyl acetate, methyl benzoate, para-cresyl methyl ether, geranyl acetate, benzyl benzoate, benzyl cinnamate, cedarwood oil, and others or complete reconstitutions/bases",usp,
benzyl butyl phthalate (bbp),usp,
bergamot juice (citrus bergamia risso and poit.),usp,
bergamot oil (distilled),usp,
beta-apo-8'-carotenal,usp,
beta-asarone,rasff,C\C=C/C1=C(OC)C=C(OC)C(OC)=C1
beta-carotene,usp,CC1=C(\C=C\C(C)=C\C=C\C(C)=C\C=C\C=C(C)\C=C\C=C(C)\C=C\C2=C(C)CCCC2(C)C)C(C)(C)CCC1
beta-carotene,ema,CC1=C(\C=C\C(C)=C\C=C\C(C)=C\C=C\C=C(C)\C=C\C=C(C)\C=C\C2=C(C)CCCC2(C)C)C(C)(C)CCC1
beta-phenylethanol,usp,C1(=CC=CC=C1)CCO
"beta-phenylethyl alcohol, rhodinol fractions, and cheaper rose oils (morocco, crimea, etc.)",usp,
beta-phenylmethylamine,rasff,
"beta-pinene, undecatrienes",usp,
betalain pigments derived from red beets,usp,
betanin,rasff,OC[C@H]1O[C@@H](Oc2cc3C[C@H](N(C=CC4=CC(=[NH+][C@@H](C4)C(O)=O)C(O)=O)c3cc2O)C([O-])=O)[C@H](O)[C@@H](O)[C@@H]1O
betanine dye,usp,
bigeye thresher shark,ema,
bigeye tuna (thunnus obesus),usp,
bighead carp [hypophthalmichthys nobilis],ema,
biotoxin,fda,
bis,rasff,C=CC(=O)NCNC(=O)C=C
bishop flower,ema,
bisnaga,ema,
biurea,usp,NC(=O)NNC(N)=O
biuret,usp,NC(=O)NC(=O)N
black leaf 40,ema,CN1CCCC1c2cccnc2
black oxide paint,ema,
black rice pigment,usp,
bleach,rasff,
bleach liquor,ema,
"blended vinegar (mixture of fermented vinegar, acetic acid and food additives)",usp,
blossoms from onopardon acanthium l. mixed with barium sulfate and artificial color,usp,
blotting paper,ema,
bonito (euthynnus affinis),usp,
borax,usp,O.O.O.O.O.O.O.O.[Na+].[Na+].OB1O[B-]2(O)OB(O)O[B-](O)(O1)O2
borax and glycerin,usp,
boric acid,ema,B(O)(O)O
boric acid,usp,B(O)(O)O
boric acid,rasff,B(O)(O)O
boron,rasff,[B]
boron chelate,rasff,
boron citrate,rasff,C(CC(O)(C(=O)[O-])CC(=O)[O-])(=O)[O-].[B+3]
boron glycinate,rasff,NCC(=O)[O-].[B+3].NCC(=O)[O-].NCC(=O)[O-]
bovine bones,ema,
bovine gristle,ema,
bovine milk proteins,usp,
bovine protein,rasff,
brachyplatystoma platynemum [common name slobbering catfish],ema,
bran or saw dust,usp,
brazilwood dye,usp,
brick dust,usp,
brick powder,usp,
"brick powder, sand, or dirt",usp,
brilliant blue fcf,rasff,[Na+].[Na+].CCN(Cc1cccc(c1)[S]([O-])(=O)=O)c2ccc(cc2)[C+](c3ccc(cc3)N(CC)Cc4cccc(c4)[S]([O-])(=O)=O)c5ccccc5[S]([O-])(=O)=O
bromate,rasff,Br(=O)(=O)[O-]
brown peas or soybeans with green color and sodium metabisulfite,usp,
buckwheat,usp,
buckwheat flour,usp,
buri (seriola quinqueradiata),usp,
burned sugar,usp,
burned tires,usp,
burnt diesel oil,ema,
butanone,rasff,CC(CC)=O
butter of non-authentic geographic origin,usp,
butter yellow dye,ema,
buttermilk whey,usp,
butylated hydroxyanisole,rasff,COc1ccc(O)c(c1)C(C)(C)C.COc2ccc(O)cc2C(C)(C)C
butylated hydroxytoluene,rasff,Cc1cc(c(O)c(c1)C(C)(C)C)C(C)(C)C
by-product of pesticide processing containing salt,usp,
c12 benzalkonium chloride (antimicrobial compound),usp,
c14 benzalkonium chloride (antimicrobial compound),usp,
c16 benzalkonium chloride (antimicrobial compound),usp,
c4 sugars,usp,
cabernet sauvignon wine,usp,
cadmium,rasff,[Cd]
caffeine,rasff,N1(C)C(=O)N(C)C=2N=CN(C)C2C1=O
cage eggs,ema,
calcium caprylate,rasff,C(CCCCCCC)(=O)[O-].[Ca+2].C(CCCCCCC)(=O)[O-]
calcium carbide,usp,[Ca++].[C-]#[C-]
calcium carbide,ema,[Ca++].[C-]#[C-]
calcium carbide powder,ema,
calcium carbonate,ema,C([O-])([O-])=O.[Ca+2]
calcium carbonate,rasff,C([O-])([O-])=O.[Ca+2]
calcium carbonate,usp,C([O-])([O-])=O.[Ca+2]
calcium disodium ethylene diamine tetra acetate,rasff,
calcium lactate gluconate,rasff,O=C([C@H](O)[C@@H](O)[C@H](O)[C@H](O)CO)[O-].C(C(O)C)(=O)[O-].[Ca+2]
calcium propionate,usp,C(CC)(=O)[O-].[Ca+2].C(CC)(=O)[O-]
calcium sorbate,ema,C(\C=C\C=C\C)(=O)[O-].[Ca+2].C(\C=C\C=C\C)(=O)[O-]
"camphor, isobornyl acetate (+ eucalyptus and turpentine oil fractions)",usp,
"cananga oil (cananga odorata), ylang ylang oil tails, and ylang ylang oil reconstitutions",usp,
cane invert syrup,usp,
cane or corn sugars,usp,
cane sucrose,usp,
cane sugar,usp,OC[C@H]1O[C@H](O[C@]2(CO)O[C@H](CO)[C@@H](O)[C@@H]2O)[C@H](O)[C@@H](O)[C@@H]1O
cane sugar,ema,OC[C@H]1O[C@H](O[C@]2(CO)O[C@H](CO)[C@@H](O)[C@@H]2O)[C@H](O)[C@@H](O)[C@@H]1O
cane sugar syrup,usp,
cane sugar syrup,ema,
canola oil,usp,
canola oil,ema,
canola oil and soybean oil,usp,
cape,ema,Oc1ccc(\C=C\C(=O)OCCc2ccccc2)cc1O
cape dory,ema,
cape gurnard,ema,
capsaicin,rasff,COc1cc(CNC(=O)CCCC\C=C\C(C)C)ccc1O
capsaicinoids,rasff,
capsicum,usp,
carageenan,rasff,
caramel,usp,
caramel,ema,
caramel coloring,ema,
caramelized sugar,usp,
carbide,ema,
carbide,usp,
carbonate of lime,usp,
carboxymethyl cellulose,usp,[Na].CC(O)=O.OCC(O)C(O)C(O)C(O)C=O
carboxymethyl-cellulose,usp,
carmalized sugar,usp,
carmines,rasff,
carmoisine,usp,[Na+].[Na+].[O-][S](=O)(=O)c1ccc(N\N=C\2C=C(c3ccccc3C2=O)[S]([O-])(=O)=O)c4ccccc14
carnuba wax,usp,
carob powder,usp,
carrageenan,rasff,
cashew,usp,
cassava flour,usp,
cassia,ema,
cassia,usp,
cassia cinnamon,usp,
caster oil,usp,
castor oil,usp,
cat meat,ema,
catfish,usp,
catfish,ema,
catfish roe,usp,
caustic soda,usp,[OH-].[Na+]
caustic soda,ema,[OH-].[Na+]
caustic soda sodium chloride and formalin,ema,
cedar wood stearin,usp,
cedarwood oil,usp,
cedarwood oil chinese (cupressus funebris),usp,
cellulose,usp,
cellulose,ema,
central american coffee beans,ema,
cereals,usp,
cesium,fda,[Cs]
cetrimonium bromide (antimicrobial compound),usp,
chalk,usp,[Ca++].[O-]C([O-])=O
chalk powder,usp,
chanodichthys mongolicus,ema,
cheap bulk wine from south america,ema,
cheap edible oil,ema,
cheap french table wine,ema,
cheap red wine,ema,
cheap rice from asia,ema,
cheap spanish oil,ema,
cheaper apple juice concentrates,ema,
cheaper flatfish species,ema,
cheaper oils,ema,
cheaper refined olive oils,ema,
cheaper tropical tuna species,ema,
cheaper white grape juice concentrates,ema,
cheese of non-authentic geographic origin,usp,
cheese substitute,ema,
cheese whey,usp,
chemical contamination,rasff,
chemical dyes,ema,
chemical powder,ema,
chemical whiteners,ema,
chemicals,ema,
chestnut flour,usp,
chestnut shell,usp,
chicken,ema,
chicken and turkey meat,usp,
chicken blood,ema,
chicken buttocks,ema,
chicken fat,usp,
chicken feed (conventional),usp,
chicken meat,ema,
chicken meat,usp,
chicken meat from non-corn-fed chickens,usp,
chickpea,usp,
chickpea flour,usp,
chicory,usp,
chicory powder,usp,
chilean salmon,ema,
chilled cuttlefish,rasff,
china  clay,usp,
chinese catfish,ema,
chinese garlic,ema,
chinese honey,ema,
chinese potato,ema,
chinese salmon,ema,
chinese shrimp,ema,
chinese tangerines,ema,
chinese-produced infant formula,ema,
chloramphenicol,ema,OCC(NC(=O)C(Cl)Cl)C(O)c1ccc(cc1)[N+]([O-])=O
chloramphenicol,fda,OCC(NC(=O)C(Cl)Cl)C(O)c1ccc(cc1)[N+]([O-])=O
chlorine,rasff,[Cl]
chlorine dioxide,rasff,Cl(=O)=O
chloroflurocarbons,fda,
chloroform,ema,C(Cl)(Cl)Cl
chloroform,rasff,C(Cl)(Cl)Cl
"chloroform, acetone, and isopropyl alcohol",usp,
chlorophenol,rasff,ClC1=C(C=CC=C1)O
chlorophyll,ema,[Mg++].CCc1c(C)c2[n-]c1cc3nc4c([C@@H](C(=O)OC)C(=O)c4c3C)c5nc(cc6[n-]c(c2)c(C=C)c6C)[C@@H](C)[C@@H]5CCC(=O)OC/C=C(C)/CCCC(C)CCCC(C)CCCC(C)C
chlorophylls,rasff,
chlorophylls (copper complexes of),usp,
choline,usp,OCC[N+](C)(C)C
choti elaichi seeds,usp,
christmas hampers,rasff,
chromium,rasff,[Cr]
chromium amino acid chelate,rasff,
chromium nicotinate,rasff,C(C1=CN=CC=C1)(=O)[O-].[Cr+3].C(C1=CN=CC=C1)(=O)[O-].C(C1=CN=CC=C1)(=O)[O-]
"chromium nicotinate, calcium potassium phosphate-citrate, zinc glycinate chelate, copper glycinate chelate, manganese glycinate chelate",rasff,
chromium polynicotinate,rasff,
"cinnamomum camphora (var. cineole type) fractions (1,8-cineole rich)",usp,
cinnamon leaf oil,usp,
ciprofloxacin,ema,OC(=O)C1=CN(C2CC2)c3cc(N4CCNCC4)c(F)cc3C1=O
citral,usp,CC(C)=CCCC(C)=CC=O
citrate,rasff,C(CC(O)(C(=O)[O-])CC(=O)[O-])(=O)[O-]
citric acid,usp,C(CC(O)(C(=O)O)CC(=O)O)(=O)O
citric acid,rasff,C(CC(O)(C(=O)O)CC(=O)O)(=O)O
citric acid,ema,C(CC(O)(C(=O)O)CC(=O)O)(=O)O
citric acid (c4 or paraffin derived),usp,
citric acid from non-authentic source,usp,
"citronella oil (java type, cymbopogon winterianus)",usp,
"citrulline malate, arginine alphaketoglutarate, beta-alanine",rasff,
"citrulline malate, beta-alanine",rasff,
citrus oils of non-authentic origin,usp,
citrus peel extract,usp,
clay,usp,
cleaning lye,rasff,
clenbuterol,ema,CC(C)(C)NCC(O)c1cc(Cl)c(N)c(Cl)c1
"clove fractions, eugenol, and cinnamic aldehyde",usp,
clove stem oil and isolates (eugenol) and eugenyl acetate,usp,
coagulant,ema,
cochineal color from non-authentic geographic origin,usp,
cochinela dye,usp,
cockspur grass,ema,
cocoa butter replacer,usp,
cocoa butter substitute,usp,
cocoa husks,usp,
cocoa shells,ema,
coconut hulls,usp,
coconut oil,ema,
coconut oil,usp,
cod,ema,CC(C)(CO[P](O)(=O)O[P](O)(=O)OC[C@H]1O[C@H]([C@H](O)[C@@H]1O)n2cnc3c(N)ncnc23)[C@@H](O)C(=O)NCCC(=O)NCCS
cod (gadus morhua),usp,
"cod, baltic sea",usp,
coffee (robusta),usp,
coffee (robusta),usp,
coffee husk,usp,
coffee husk or cereals,usp,
coffee husk or parchment,usp,
coffee husks,usp,
coffee husks/parchment,usp,
coffee husks/parchments,usp,
coffee of non-authentic botanical origin,usp,
coffee of non-authentic geographic origin,usp,
coffee of non-authentic origin,usp,
coffee of non-authentic species,usp,
coffee twigs,usp,
collagenic animal protein,ema,
color,rasff,
color additive,usp,
color additive,fda,
color additives,usp,
color basic red 46,rasff,
color butter yellow,rasff,
color chilli sauce,rasff,
color fast garnet,rasff,
color gardenia yellow,rasff,
"color gardenia yellow, flavonoid",rasff,
color methyl yellow,rasff,
color migration,rasff,
color orange ii,rasff,
color orange rn,rasff,
color para red,rasff,
color red sandalwood extract,rasff,
color red yeast rice,rasff,
color rhodamine b,rasff,
color rose bengal,rasff,
color rosella extract,rasff,
color sudan,rasff,
color sudan 1,rasff,
"color sudan 1,sudan 3",rasff,
color sudan 3,rasff,
color sudan 4,rasff,
color sudan red b,rasff,
color toluidine red,rasff,
colorants,usp,
colorants,ema,
colored corn silk fibers,usp,
colored corn strings,usp,
colored grass,usp,
colored grass seeds,usp,
colored saw dust,usp,
colored sawdust,usp,
colored seeds from non-authentic plant,usp,
colored tea leaves,usp,
coloring agents,ema,
colors,usp,
colors,ema,
commercial glucose,ema,
common vetch (vicia sativa l.),usp,
common wheat (triticum aestivum),usp,
concrete,usp,
condemned/contaminated chicken meat,usp,
contaminated water,ema,
contaminated with dioxins,ema,
cooking oil,usp,
copper,rasff,[Cu]
"copper chelate, manganese chelate, iron amino acid chelate, zinc amino acid chelate, potassium chelate",rasff,
copper chlorophyllin,usp,
copper cholorphyllin,ema,
copper complexes of chlorophylls and chlorophyllins,ema,
copper salts,usp,
coriander,ema,
coriander husk,usp,
corn,usp,
corn,ema,
corn additives,ema,
corn derived sweeteners,usp,
corn flour,usp,
corn flour and bengal gram (cicer arietinum),usp,
corn oil,usp,
corn silk colored with red dye,usp,
corn starch,ema,OC[C@H]1O[C@H](O[C@H]2[C@H](O)[C@@H](O)[C@@H](O)O[C@@H]2CO)[C@H](O)[C@@H](O)[C@@H]1O
corn sugar,ema,OC[C@H]1OC(O)[C@H](O)[C@@H](O)[C@@H]1O
corn sugar,usp,OC[C@H]1OC(O)[C@H](O)[C@@H](O)[C@@H]1O
corn syrup,ema,
corn syrup,usp,
corn syrup and beet or cane invert syrup,usp,
"corn syrup, inverted syrups, or high-fructose corn syrup",usp,
corn-derived vinegar,usp,
cornmint oil (mentha antensis),usp,
cornmint oil (mentha arvensis),usp,
cornmint oil from mentha arvensis var. piperascens,usp,
corrosion of,rasff,
corvina,ema,
cosmetic-grade oils,ema,
cotton,usp,
cotton seed oil,ema,
cottonseed oil,ema,
cottonseed oil,usp,
cough medicine,ema,
coumaphos (organophosphate insecticide),ema,
coumarin,rasff,O1C(=O)C=CC2=CC=CC=C12
coumarin,fda,O1C(=O)C=CC2=CC=CC=C12
counterfeit,ema,
counterfeit alcohol,ema,
counterfeit borjomi mineral water,ema,
counterfeit chocolate bars,ema,
counterfeit cocoa powder,ema,
counterfeit coffee,ema,
counterfeit cognac,ema,
counterfeit custard powder,ema,
counterfeit fruit juice,ema,
counterfeit ghee,ema,
counterfeit infant formula,ema,
counterfeit jamaican mountain blue coffee,ema,
counterfeit juice,ema,
counterfeit ketchup,ema,
counterfeit likani mineral water,ema,
counterfeit nestle milo,ema,
counterfeit oil,ema,
counterfeit red bull,ema,
counterfeit smirnoff vodka,ema,
counterfeit soft drinks,ema,
counterfeit spaghetti,ema,
counterfeit vodka,ema,
counterfeit whisky,ema,
counterfeit wine,ema,
cow tallow,usp,
cow's cheese,usp,
cow's milk,ema,
cracker meal,usp,
crawfish,ema,
crimson snapper,ema,
cristalsulphate,rasff,
crocus's yellow stamen,usp,
crushed insects,ema,
crustacean of non-authentic species,usp,
csr 30 rice,ema,
cum (or keta) salmon,ema,
cuminaldehyde,usp,O=CC1=CC=C(C(C)C)C=C1
curcuma (curcuma longa l.),usp,
curcuma zedoaria,usp,
curcuma zedoaria powder,usp,
curcumin,rasff,COC1=CC(=CC=C1O)\C=C\C(=O)CC(=O)\C=C\C1=CC=C(O)C(OC)=C1
curcumin,usp,COC1=CC(=CC=C1O)\C=C\C(=O)CC(=O)\C=C\C1=CC=C(O)C(OC)=C1
curcumin dye,usp,
curuma,usp,
cyanamide,usp,N#CN
cyanide,ema,[C-]#N
cyanide,rasff,[C-]#N
cyanuric acid,usp,N1C(=O)NC(=O)NC1=O
cyanuric acid,ema,N1C(=O)NC(=O)NC1=O
cyclamate,rasff,O[S](=O)(=O)NC1CCCCC1
cyclamate,ema,O[S](=O)(=O)NC1CCCCC1
cyclamate,fda,O[S](=O)(=O)NC1CCCCC1
cynoglossus senegalensis,usp,
cynoscion virescenes [common name weakfish or corvina],ema,
cyromazine,rasff,Nc1nc(N)nc(NC2CC2)n1
cyromazine,usp,Nc1nc(N)nc(NC2CC2)n1
d-aspartic acid,rasff,N[C@H](CC(=O)O)C(=O)O
d-malic acid,usp,OC(CC(O)=O)C(O)=O
dalda,ema,NCCCC[C@H](NC(=O)[C@H](Cc1ccccc1)NC(=O)[C@@H](CCCN=C(N)N)NC(=O)[C@@H](N)Cc2ccc(O)cc2)C(N)=O
damaged olives,ema,
damaged or overripe olives,ema,
dasyatis bennetti,ema,
decyltrimethylammonium chloride (antimicrobial compound),usp,
defatted cloves,usp,
defatted paprika,usp,
deg,rasff,OCCOCCO
dehydrated red beets,usp,
dehydroepiandrosterone,rasff,C[C@]12CC[C@H]3[C@@H](CC=C4C[C@@H](O)CC[C@]34C)[C@@H]1CCC2=O
denatured rapeseed oil not fit for consumption,ema,
detergent,usp,
detergent,ema,
detergent,rasff,
dextrin,usp,OC[C@H]1OC(O[C@H]2[C@H](O)[C@@H](O)C(O[C@@H]2CO)O[C@H]3[C@H](O)[C@@H](O)[C@@H](O)O[C@@H]3CO)[C@H](O)[C@@H](O)[C@@H]1O
dextrose,ema,O=C[C@H](O)[C@@H](O)[C@H](O)[C@H](O)CO
dextrose,usp,O=C[C@H](O)[C@@H](O)[C@H](O)[C@H](O)CO
dextrose or disaccahrides,usp,
dextrose syrup,usp,
di-(2-ethylhexyl)phthalate (dehp),usp,
di-2-ethylhexyl phthalate (dehp),usp,
di-isononyl phthalate (dinp),usp,
di-n-octyl phthalate (dnop),usp,
dibutyl phthalate,ema,C(C=1C(C(=O)OCCCC)=CC=CC1)(=O)OCCCC
dibutyl phthalate (dbp),usp,
dicyandiamide,usp,NC(N)=NC#N
diesel oil,rasff,
diet pills,rasff,
dietary supplement,fda,
diethylene glycol,rasff,C(COCCO)O
diethylene glycol,usp,C(COCCO)O
diethylene glycol,ema,C(COCCO)O
diethylhexyl phthalate,ema,C(C=1C(C(=O)[O-])=CC=CC1)(=O)OC(CCCCC)(CC)CC
diethylhexyl pthalate (dehp),ema,
diisobutyl phthalate,usp,C(C=1C(C(=O)OCC(C)C)=CC=CC1)(=O)OCC(C)C
diisobutyl phthalate,ema,C(C=1C(C(=O)OCC(C)C)=CC=CC1)(=O)OCC(C)C
diisodecyl phthalate (didp),usp,
diisononyl phthalate (dinp),usp,
"diluent solvents including: abitol, benzyl alcohol, benzyl benzoate, carbitol (diethylene glycol monoethyl ether), diacetone alcohol, dipropylene glycol, dipropylene glycol methyl ether and tripropylene glycol methyl ether, hydrogenated methyl ester of ro",usp,
dimethyl yellow,ema,CN(C)c1ccc(cc1)N=Nc2ccccc2
dimethylsildenafil,rasff,
dioxin-like polychlorobifenyls,rasff,
dioxins,rasff,
diphosphate,rasff,[O-]P([O-])(=O)OP(=O)([O-])[O-]
disodium diphosphate,rasff,[O-]P([O-])(=O)OP(=O)(O)O.[Na+].[Na+]
disodium ethylene diamine tetra acetate,rasff,
distilled oils,usp,
dl-malic acid,usp,OC(CC(O)=O)C(O)=O
dog (canine) meat,usp,
dogfish,ema,
donkey,ema,
doxylamine,rasff,CN(C)CCOC(C)(c1ccccc1)c2ccccn2
dried fruit of west indian lantana (lantana camara),usp,
dry milk,usp,
duck protein,rasff,
dulcin,fda,CCOc1ccc(NC(N)=O)cc1
dung,usp,
dung powder,usp,
dushuqiang,ema,
dusky cob,ema,
dust,ema,C1CCN(CC1)C2(CCCCC2)c3ccccc3
dye,ema,
dyed pork,usp,
dyed saw dust,ema,
dyed strips of other parts of the saffron plant (stamens or perigonia),usp,
dyes,ema,
dyes,usp,
e 260 synthetic acetic acid,rasff,
e. coli,ema,
e.coli,fda,
e141 food additive,ema,
earth material/powdered stone,usp,
edible oil,ema,
elderberry pigments,usp,
emperor fish,ema,
emperor snapper,ema,
engine oil,usp,
enrofloxacin,ema,CCN1CCN(CC1)c2cc3N(C=C(C(O)=O)C(=O)c3cc2F)C4CC4
enterobacteriaceae,rasff,
ephedrine,rasff,CN[C@@H](C)[C@H](O)c1ccccc1
ephedrine alkaloids,fda,
epigallocathechine gallate,rasff,
erucic acid,rasff,C(CCCCCCCCCCC\C=C/CCCCCCCC)(=O)O
erythorbic acid,rasff,OCC(O)C1OC(=C(O)C1=O)O
erythrosine,rasff,[Na+].[Na+].[O-]C(=O)c1ccccc1C2=C3C=C(I)C(=O)C(=C3Oc4c(I)c([O-])c(I)cc24)I
erythrosine,usp,[Na+].[Na+].[O-]C(=O)c1ccccc1C2=C3C=C(I)C(=O)C(=C3Oc4c(I)c([O-])c(I)cc24)I
escolar,ema,
"escolar (lepidocybium
flavobrunneum)",usp,
essential oils,usp,
ethanol,rasff,C(C)O
ethanol,ema,C(C)O
"ethanol, methanol, or water",usp,
"ethyl esters of aliphatic acids (e.g., ethyl oenanthate)",usp,
ethyl maltol,usp,CCC1=C(O)C(=O)C=CO1
ethyl maltol,rasff,CCC1=C(O)C(=O)C=CO1
ethyl tertiairy buthyl ether,rasff,
ethyl vanillin,usp,O=CC1=CC(OCC)=C(O)C=C1
ethyl-p-hydroxybenzoate,rasff,C(C)OC(C1=CC=C(C=C1)O)=O
ethylcarbamate,rasff,C(C)NC([O-])=O
ethylene glycol,usp,C(CO)O
ethylenediaminetetraacetic acid,rasff,C(CN(CC(=O)O)CC(=O)O)N(CC(=O)O)CC(=O)O
"eucalyptus and white camphor oil fractions, spanish sage oil",usp,
eucalyptus citriodora,usp,
eucalyptus oil (eucalyptus globulus) and camphor oil white (cinnamomum camphora),usp,
evodiamine,rasff,CN1[C@H]2N(CCc3c2[nH]c4ccccc34)C(=O)c5ccccc15
expired beef,ema,
expired broiler turkeys,ema,
expired buns,ema,
expired chicken,ema,
expired chicken feet,ema,
expired drinks,ema,
expired duck meat,ema,
expired ground beef,ema,
expired meat,ema,
expired milk,ema,
expired milk powder,ema,
expired products,ema,
expired smoked sausage,ema,
expired vegetables,ema,
expressed lime or grapefruit oil,usp,
extra virgin olive oil from non-authentic botanical origin or geographic region,usp,
extra virgin olive oil of non-authentic botanical origin,usp,
fabric dye,usp,
fake alomo bitters,ema,
"fake eggs made of alginic acid, potassium, calcium chloride, gelatin,
paraffin, artificial coloring and water",usp,
fake liquor,ema,
fake milk,usp,
"fake milk (oil, urea, detergent, caustic soda, sugar, salt, and skim milk powder)",usp,
fake milk containing sodium bicarbonate,usp,
fake milk with anionic detergents,usp,
fake protein powder with melamine,usp,
fake rice made from plastic resin and potato starch,usp,
fake shrimp paste,usp,
fake vodka,usp,
"fake, engineered eggs",usp,
false black pepper (embelia ribes),usp,
farina wheat,usp,
farm raised asian catfish,usp,
farm raised non-us shrimp,usp,
farm-raised asian catfish,ema,
farm-raised atlantic salmon (salmo salar),usp,
farm-raised salmon,ema,
farm-raised shrimps from outside of the usa,ema,
fast green fcf / fd&c green,rasff,
fat trimmings,usp,
fatty aldehydes and monoterpene alcohols and esters to terpeneless and folded citrus oils,usp,
fd&c red no. 3,ema,[Na+].[Na+].[O-]C(=O)c1ccccc1C2=C3C=C(I)C(=O)C(=C3Oc4c(I)c([O-])c(I)cc24)I
fd&c red no. 40,ema,[Na+].[Na+].COc1cc(c(C)cc1N\N=C2\C(=O)C=Cc3cc(ccc23)[S]([O-])(=O)=O)[S]([O-])(=O)=O
fd&c yellow #5,fda,
fd&c yellow no. 5,ema,[Na+].[Na+].[Na+].[O-]C(=O)C\1=NN(C(=O)C1=N/Nc2ccc(cc2)[S]([O-])(=O)=O)c3ccc(cc3)[S]([O-])(=O)=O
fd&c yellow no. 6,ema,[Na+].[Na+].[O-][S](=O)(=O)c1ccc(N\N=C2\C(=O)C=Cc3cc(ccc23)[S]([O-])(=O)=O)cc1
fennel seeds,usp,
fennel seeds,ema,
fennel seeds coated with marble dust,usp,
fenthion,rasff,CO[P](=S)(OC)Oc1ccc(SC)c(C)c1
fenugreek gum,usp,
fermentation derived vanillin,usp,
ferrous glucomate,rasff,
fibers of dried animal meats,usp,
fig juice,usp,
figs,usp,
fine plastic crystals,ema,
fish,ema,
fish of non-authentic species,usp,
flathead sole,usp,
flavor-enhanced soybean oil,ema,
flavoring agents,ema,
flavors,ema,
flavourings,ema,
flax,usp,
floral waste,usp,
flour,usp,
flour,ema,
flowers from arnica,usp,
flowers from calendula,usp,
flowers from calendula (calendula officinalis l.) colored with methyl orange,usp,
flowers from curcuma,usp,
flowers from marigold,usp,
"flowers from non-authentic botanical origin cut into strips (papaver rhoeas l., punica granatum l., arinica montana l., or scolymus hispanicus l.)",usp,
flowers from safflower (carthamus tinctorius l.),usp,
flunixin,ema,Cc1c(Nc2ncccc2C(O)=O)cccc1C(F)(F)F
fluoride,rasff,[F-]
folic acid,rasff,[F-]
food additive cellulose acetate phtalate,rasff,C(CC[C@@H](C(=O)O)NC(=O)C1=CC=C(NCC2=CN=C3N=C(N)NC(=O)C3=N2)C=C1)(=O)O
food additive formic acid,rasff,
food additive isopropyl alcohol,rasff,
food additive propylene oxide,rasff,
food additive sodium polyacrylate,rasff,
food additive white mineral oil,rasff,
food coloring,ema,
food gums,usp,
food starches,usp,
food supplement,rasff,
food supplements,rasff,
foreign farm-raised shrimp,ema,
formaldehyde,ema,C=O
formaldehyde,usp,C=O
formalin,ema,C=O
formol,rasff,C=O
fox,ema,
fox meat,ema,
fragrance,ema,
fraud with,rasff,
free fatty acids,rasff,
free glucose or sucrose,usp,
frigate mackerel (auxis thazard),usp,
frozen turkey breast,rasff,
frozen whole cleaned cuttlefish,rasff,
fructose,usp,OCC(=O)[C@@H](O)[C@H](O)[C@H](O)CO
fructose and glucose mixture,usp,
fructose syrup,usp,
"fructose, glucose, and sucrose",usp,
fruit from non-authentic botanical origin,usp,
fruit jelly cups,rasff,
fruit jelly mix,rasff,
fruit juice,ema,
fruit puree from non-authentic botanical origin,usp,
fuchsin color,usp,
fulvic acid,rasff,C1(=CC=CC1=C)C(=O)O
fumaric acid,rasff,C(\C=C\C(=O)O)(=O)O
fungus,ema,
furazolidone,ema,[O-][N+](=O)c1oc(cc1)\C=N\N2CCOC2=O
galeorhinus galeus [market names: shark or school shark],ema,
gamma butyrolactone,rasff,C1(CCCO1)=O
gamma-aminobutyric acid,rasff,NCCCC(=O)O
"gamma-terpinene, dimethyl anthranilate, alpha-sinesal, and perilla aldehyde to convert to mandarin oil (citrus reticulata var. mandarin)",usp,
gammahydroxibutyrate,rasff,
garcinia cambogia desr,rasff,
gardenia yellow dye,usp,
gelatin,ema,
gelatin,usp,
gelatin of non-authentic animal origin (porcine or bovine),usp,
gelatine (bovine),usp,
gelatine (porcine),usp,
genidens barbus [common name white sea catfish or bagre],ema,
geraniol,usp,CC(C)=CCC\C(\C)=C\CO
"germanium, lithium",rasff,
giant pangasius [pangasius sanitwongsei],ema,
ginger,rasff,
ginseng,fda,
ginseng of non-authentic botanical origin,usp,
"ginseng, american (panax quinquefolius)",usp,
"ginseng, chinese (panax ginseng)",usp,
giraffe,ema,
glauber's salt,usp,O.O.O.O.O.O.O.O.O.O.[Na+].[Na+].[O-][S]([O-])(=O)=O
glucose,usp,O=C[C@H](O)[C@@H](O)[C@H](O)[C@H](O)CO
glucose,ema,O=C[C@H](O)[C@@H](O)[C@H](O)[C@H](O)CO
glucose and fructose,usp,OCC(=O)[C@@H](O)[C@H](O)[C@H](O)CO.O=C[C@H](O)[C@@H](O)[C@H](O)[C@H](O)CO
glucose syrup,usp,
glue,ema,
glutamates,rasff,
glutamic acid,usp,N[C@@H](CCC(=O)O)C(=O)O
glutamic acid,rasff,N[C@@H](CCC(=O)O)C(=O)O
gluten,ema,
gluten,rasff,
glycerin,usp,OCC(O)CO
glycerine,usp,OCC(O)CO
glycerol monocaprylate,ema,C(CCCCCCC)(=O)O.OCC(O)CO
glycine,rasff,NCC(=O)O
glycine,ema,NCC(=O)O
glycine,usp,NCC(=O)O
glyerin,usp,
goat,ema,
goat fat,usp,
goat meat,ema,
gold,rasff,[Au]
goldbanded jobfish,ema,
golden corn flavor,ema,
golden pompano,ema,
grain flours,usp,
"grains or legumes (wheat, barley, kidney bean, etc.)",usp,
grape derived juices or wines,usp,
grape juice,usp,
grape juice and grape skin color,usp,
grape seed oil,usp,CCCCC/C=C/C/C=C/CCCCCCCC(O)=O
grape wine from non-authentic botanical origin,usp,
grape wine from non-authentic geographic origin,usp,
grapefruit juice,usp,
grapefruit juice plus synthetic sugar/acid mixture,usp,
grapefruit oil,usp,
grapeseed oil,usp,
grapeseed oil (desterolilzed),usp,
grass powder,usp,
grass seeds colored with charcoal dust,usp,
greek olive oil,ema,
green colorant,ema,
green dye,usp,
green jobfish,ema,
green jobfish (jobfish or snapper),ema,
green s,rasff,[Na+].CN(C)c1ccc(cc1)[C+](c2ccc(cc2)N(C)C)c3c(O)c(cc4cc(ccc34)[S]([O-])(=O)=O)[S]([O-])(=O)=O
green weak fish,ema,
greenling,ema,
grit,ema,
ground coconut shells,usp,
ground corn,usp,
ground mustard husks,usp,
ground nut flour,usp,
ground olive stone,usp,
ground papaya seeds,usp,
ground peanut shells,usp,
ground pepper husks,usp,
ground pork meat,usp,
ground red pepper (capsicum annuum l.),usp,
ground rice,usp,
grouper,usp,
grouper (farm-raised),usp,
growth hormone releasing peptide -2,rasff,
guaiacol,rasff,C=1(C(O)=CC=CC1)OC
guanidine,usp,NC(=N)N
guar gum,usp,
guggulsterone,rasff,C\C=C/1C(=O)C[C@H]2[C@@H]3CCC4=CC(=O)CC[C@]4(C)[C@H]3CC[C@]12C
gum,usp,CC(=O)N[C@@H]1[C@@H](O)[C@H](O)[C@@H](CO)O[C@H]1O[C@H]2[C@H](O)[C@@H](NC(C)=O)C(O[C@@H]2CO)Oc3ccc4C(=CC(=O)Oc4c3)C
gum,ema,CC(=O)N[C@@H]1[C@@H](O)[C@H](O)[C@@H](CO)O[C@H]1O[C@H]2[C@H](O)[C@@H](NC(C)=O)C(O[C@@H]2CO)Oc3ccc4C(=CC(=O)Oc4c3)C
gum from acacia seyal,usp,
gum from combretum erythrophyllum,usp,
gum from non-authentic botanical origin,usp,
gum talha (acacia seyal),usp,
gurjun balsam (dipterocarpus spp.),usp,
gurjun balsam oil,usp,
gutter oil,ema,
gutter oil (recycled oil),usp,
gypsum,usp,[Ca++].[O-][S]([O-])(=O)=O
gypsum powder,ema,
hackleback roe,ema,
haddock,ema,
haddock,usp,
haddock (china origin),usp,
haddock (melanogrammus aeglefinus),usp,
haddok,ema,
hake,ema,
hake fish of non-authentic species,usp,
hake or coley fish,usp,
hazardous materials,ema,
hazelnut oil,usp,
heat-processed milk,usp,
heavy metals,rasff,
heliotrope oil,ema,
hepatitis a virus,fda,
herb,rasff,
herbaceous plants cut into strips and dyed with azo or cochineal dye,usp,
herbs,rasff,
herring,usp,
hexamethylene tetramine,rasff,C1N2CN3CN1CN(C2)C3
hexavalent chromium,ema,
high linoleic/oleic sunflower oil,usp,
high oleic sunflower oil,usp,
high oleic-acid sunflower oil,usp,
high-fructose corn syrup,ema,
high-fructose corn syrup,usp,
"high-fructose corn syrup, cane sugar hydrolysates, or beet sugar hydrolysates",usp,
high-fructose inulin syrup,usp,
high-fructose syrup,usp,
high-oleic seed oil of non-authentic botanical origin,usp,
high-oleic sunflower oil,usp,
histamine,fda,NCCC1=CNC=N1
histamine,rasff,NCCC1=CNC=N1
histidine,usp,N[C@@H](CC1=CNC=N1)C(=O)O
ho oil rectified (cinnamomum spp.) and acetylated ho or acetylated lavandin oils,usp,
hogget,ema,
honey,usp,
honey,ema,
honey from non-authentic botanical or geographic origin,usp,
honey from non-authentic botanical origin,usp,
honey from non-authentic geographic origin,usp,
honey from non-authentic geographic region,usp,
honey of non-authentic botancial origin,usp,
honey of non-authentic botanical or geographic origin,usp,
honey of non-authentic botanical origin,usp,
honey of non-authentic geographic or botanical origin,usp,
honey of non-authentic geographic origin,usp,
honey of non-authentic geographic origin),usp,
honey with chloramphenicol,usp,
horse meat,ema,
horse meat,usp,
husks,ema,
hydrocarbons,ema,
hydrochloric acid,ema,Cl
hydrogen peroxide,rasff,OO
hydrogen peroxide,ema,OO
hydrogen peroxide,usp,OO
hydrogenated fats,usp,
hydrogenated soybean oil,usp,
hydrogenated vegetable oil,usp,
hydrolyzed inulin,usp,
hydrolyzed leather,usp,
hydroxymethylfurfural,ema,OCC1=C(C=O)OC=C1
hydroxymethylfurfural,rasff,OCC1=C(C=O)OC=C1
hydroxyproline,usp,N1[C@H](C(=O)O)C[C@@H](O)C1
hypochlorite,usp,Cl[O-]
hypochlorite,ema,Cl[O-]
"idebenone, vinpocetine, vincamine",rasff,
illegal import of,rasff,
illegal sulphites,ema,
illegal trade of,rasff,
imitation carbonated beverage,ema,
imitation cheese products,ema,
imitation crab,ema,
imitation scallops,ema,
imitation shark fin,ema,
imported olive oil,ema,
imported sugar,ema,
impure water,ema,
indian geranium oil,usp,
indigotine / indigo carmine,rasff,
indonesian patchouli oil blended with the cheaper chinese oil,usp,
industrial alcohol,ema,
industrial alcohol,usp,
industrial chemicals,ema,
industrial gelatin dervied from waste leather,usp,
industrial grade salt,ema,
industrial oils contaminated with triorthocresyl phosphate (tocp),usp,
industrial salt,usp,
industrial salts,ema,
industrial solvents,ema,
industrial sugar syrups,usp,
industrial synthetic resins,ema,
infant formula with soy or dairy allergens,usp,
inner coating peeling off,rasff,
insects,ema,
insufficient alcohol levels,ema,
insufficient weight,ema,
invert beet sugar,usp,
invert cane sugar,usp,
invert sugar,usp,
invert sugar,ema,
invert sugar syrup,usp,
invert sugar syrups,usp,
invert syrups (beet or cane),usp,
inverted beet syrup,usp,
inverted cane sugar,usp,
inverted cane syrup,usp,
inverted sugar,usp,
inverted syrup,usp,
iodine,ema,[I]
iodine,rasff,[I]
iranian saffron,ema,
iron,rasff,[Fe]
iron filings,usp,
irradiation,rasff,
isobutyl angelate and bisabolols,usp,
isobutylidene diurea,usp,C(C(C)C)(NC(=O)N)NC(=O)N
isoglucose syrup,usp,
isoleucine,usp,N[C@@H]([C@@H](C)CC)C(=O)O
isopropanol,ema,C(C)(C)O
isopropyl,ema,
isopropyl alcohol,usp,C(C)(C)O
isurus oxyrinchus [shark,ema,
japanese amberjack,ema,
japanese mashrooms,ema,
japanese sea bass,ema,
japanese sea bass (lateolabrax japonicus),usp,
japanese seabass (lateolabrax japonicus),usp,
japanese star anise,ema,
japanese star anise (illicium anisatum linn),usp,
jelly mini-cups containing agar e 406,rasff,
jelly mini-cups containing carrageenan e 407,rasff,
jellyfish,ema,
john dory,usp,
juice from non-authentic botanical origin,usp,
juice from non-authentic fruit,usp,
juice from non-authentic geographic origin,usp,
juice of non-authentic botanical origin,usp,
juniper berry,usp,
k acesulfame,ema,
kaempferol,usp,Oc1ccc(cc1)C2=C(O)C(=O)c3c(O)cc(O)cc3O2
kangaroo,ema,
kangaroo meat,ema,
kerosence,usp,
kerosene oil,rasff,
kesari dal,usp,
khesari dal,ema,
khesari dal (lathyrus sativus),usp,
khesari dal or lathyrus sativus,usp,
"king mackerel (scomberomorus
cavalla)",usp,
kleingrass,ema,
konjac,rasff,
konjac gum,usp,
l-alanine,ema,C[C@H](N)C(O)=O
l-arginine,ema,N[C@@H](C)C(=O)O
l-carnitine fumarate,rasff,N[C@@H](CCCNC(N)=N)C(=O)O
l-glutamine,ema,C(\C=C\C(=O)O)(=O)O.O[C@@H](C[N+](C)(C)C)CC([O-])=O
l-isoleucine,ema,N[C@@H](CCC(N)=O)C(=O)O
l-leucine,ema,N[C@@H]([C@@H](C)CC)C(=O)O
l-lysine,ema,N[C@@H](CC(C)C)C(=O)O
l-lysine hydrochloride,ema,N[C@@H](CCCCN)C(=O)O
l-threonine,ema,Cl.N[C@@H](CCCCN)C(=O)O
l-tryptophan,rasff,N[C@@H]([C@H](O)C)C(=O)O
l-valine,ema,N[C@@H](CC1=CNC2=CC=CC=C12)C(=O)O
l. citriodora herb distilled over lemon oil,usp,
lactose,usp,OC1[C@H](O)[C@@H](O)[C@H](O[C@H]2[C@H](O)[C@@H](O)[C@@H](O)[C@H](O2)CO)[C@H](O1)CO
lactose,rasff,OC1[C@H](O)[C@@H](O)[C@H](O[C@H]2[C@H](O)[C@@H](O)[C@@H](O)[C@H](O2)CO)[C@H](O1)CO
lake victoria perch,ema,
lake victoria perch,usp,
lamb,ema,
lamb meat,ema,
lamb oil,ema,
lambsquarters,ema,
lamp oil,ema,
lampante oil,ema,
lampante or refined olive oil,usp,
lane snapper,ema,
lane snapper (lutjanus synagris),usp,
lard,usp,
larimichthys crocea,ema,
lasalocid sodium,ema,[Na+].CCC(C1OC(CC)(CC1C)C2CCC(O)(CC)C(C)O2)C(=O)C(C)C(O)C(C)CCc3ccc(C)c(O)c3C([O-])=O
lascadoil,ema,
lavandin (lavandula x intermedia) oil varieties,usp,
lead,rasff,[Pb]
lead,usp,[Pb]
lead,fda,[Pb]
lead chromate,ema,[Cr](=O)(=O)([O-])[O-].[Pb+2]
lead chromate,usp,[Cr](=O)(=O)([O-])[O-].[Pb+2]
lead oxide,ema,[Pb]=O
lead oxide,rasff,[Pb]=O
lead oxide,usp,[Pb]=O
lead tetraoxide,usp,
lead tetroxide,usp,
leafy greens,ema,
leather-hydrolyzed protein,ema,
leaves from cistus,usp,
leaves from indigofera plants,usp,
"leaves from non-authentic botanical origin (rhus coriaria l., cistus spp., or rubus spp.)",usp,
leaves from non-authentic plants,usp,
leaves from plumbago plants,usp,
leaves from sumac,usp,
leguminous plants,usp,
lemon juice,usp,
lemon oil,usp,
lemon oil,ema,
"lemon oil, rectified ho oil (cinnamomum spp.), acetylated ho oil, or bitter orange oil (citrus aurantium subsp. aurantium)",usp,
lemon sole [microstomus kitt],ema,
lemon yellow 60 (tartrazine),ema,
leucine,usp,N[C@@H](CC(C)C)C(=O)O
lime oil,usp,
lime oil residue,usp,
limestone,usp,[Ca++].[O-]C([O-])=O
limonene and (+)-carvone,usp,
limonene and touches of alkyl phthalides,usp,
linalol and linalyl acetate,usp,
linalol and trace amounts of certain pyrazines,usp,
"linalol, plus trace amounts of methyl heptenone, methyl heptenol, 3-octanol, and para-methyl acetophenone",usp,
linalool (synthetic or from non-authentic botanical source),usp,
linalool from non-authentic source,usp,
linalyl aceate esters (synthetic or from non-authentic botanical source),usp,
"linalyl acetate, 1,8-cineole, and alpha-terpinyl acetate",usp,
linoleic acid,rasff,C(CCCCCCC\C=C/C\C=C/CCCCC)(=O)O
linseed oil,usp,
lipase-catalyzed interesterified lard,usp,
liquid sugar candy,ema,
listeria,fda,
lithium,rasff,[Li]
locust bean gum,usp,
logwood particles,usp,
long grain rice,usp,
low grade cooking oil,ema,
low grade ground beef,ema,
low quality quality local wine,ema,
low-grade of molasses combined with glucose syrup,usp,
low-grade sugar combined with glucose powder,usp,
low-quality garlic oil combined with diallyl sulfide compounds,usp,
low-quality onion oil combined with sulfur compounds,usp,
lower cost beef,ema,
lower cost meats,ema,
lower quality oils,ema,
lubricating oil contaminted with ortho-cresyl phophate,usp,
lumpfish roe,usp,
lupine,usp,
lutjanidae and serranidae and unidentified taxa,ema,
lycopene,rasff,CC(C)=CCC\C(C)=C\C=C\C(C)=C\C=C\C(C)=C\C=C\C=C(C)\C=C\C=C(C)\C=C\C=C(C)\CCC=C(C)C
lye,ema,[OH-].[Na+]
lysine,usp,N[C@@H](CCCCN)C(=O)O
lysozyme,rasff,
machine oil,usp,
mackerel,ema,
magnesium aspartate,rasff,N[C@@H](CC(=O)[O-])C(=O)[O-].[Mg+2]
mahi,ema,
maize,usp,
maize,ema,
maize oil,usp,
maize starch,usp,
mako,ema,
mako shark,usp,
malabar snapper,ema,
malachite green,ema,[Cl-].CN(C)c1ccc(cc1)[C+](c2ccccc2)c3ccc(cc3)N(C)C
malachite green,usp,[Cl-].CN(C)c1ccc(cc1)[C+](c2ccccc2)c3ccc(cc3)N(C)C
malchite green,usp,
maleic anhydride,ema,C1(\C=C/C(=O)O1)=O
malic acid,usp,C(C(O)CC(=O)O)(=O)O
malt,usp,
maltodextrin,usp,OC[C@@H](O)[C@@H](O)[C@H](O)[C@@H](O)C=O
maltodextrins,usp,
maltol,usp,CC1=C(O)C(=O)C=CO1
maltose,usp,OCC1OC(OC2C(O)C(O)C(O)OC2CO)C(O)C(O)C1O
mammalian protein,rasff,
mandarin juice,ema,
mandarin juice,usp,
manganese,rasff,[Mn]
mango juice from non-authentic botanical origin,usp,
maple flavoring,ema,
margarine,usp,
marigold (calendula officinalis) flowers,usp,
marigold flower extract (tagetes erecta),usp,
martius yellow color,usp,
mash potato,usp,
meat from non-authentic species,usp,
meat processing waste,ema,
melamine,ema,N1=C(N)N=C(N)N=C1N
melamine,fda,N1=C(N)N=C(N)N=C1N
melamine,rasff,N1=C(N)N=C(N)N=C1N
melamine,usp,N1=C(N)N=C(N)N=C1N
melamine analogues,ema,
melamine and related compounds,usp,
melatonin,rasff,COc1ccc2[nH]cc(CCNC(C)=O)c2c1
menthyl salicilate,usp,
mercury,ema,[Hg]
mercury,rasff,[Hg]
mercury droplets,rasff,
merlot and syrah wine,usp,
mesophiles,rasff,
metal particles,rasff,
metalaxyl,rasff,COCC(=O)N(C(C)C(=O)OC)c1c(C)cccc1C
metanil  yellow,usp,
metanil yellow,ema,[Na+].[O-][S](=O)(=O)c1cccc(c1)N=Nc2ccc(Nc3ccccc3)cc2
metanil yellow,usp,[Na+].[O-][S](=O)(=O)c1cccc(c1)N=Nc2ccc(Nc3ccccc3)cc2
metanil yellow (color additive),usp,
metanil yellow dye,usp,
metformin,usp,[H+].[Cl-].CN(C)C(=N)N=C(N)N
methamidophos,rasff,O=P(SC)(N)OC
methanol,ema,CO
methanol,rasff,CO
methanol,usp,CO
methionine,usp,N[C@@H](CCSC)C(=O)O
methyl alcohol,usp,CO
methyl alcohol,ema,CO
methyl chavicol and linalol,usp,
methyl isocyanate,rasff,CN=C=O
methyl n-methyl anthranilate,usp,
methyl p-hydroxybenzoate,usp,OC1=CC=C(C(=O)OC)C=C1
methyl p-hydroxybenzoate (antimicrobial compound),usp,
methyl-p-hydroxybenzoate,rasff,COC(C1=CC=C(C=C1)O)=O
"methyl-synephrine, phenethylamine",rasff,
methylsulphonylmethane,rasff,CS(=O)(=O)C
mexican shrimp,ema,
mezcal of non-authentic age/grade,usp,
microbiological contamination,rasff,
microcrystalline wax,rasff,
milk,rasff,
milk (bovine),usp,
milk (caprine),usp,
milk (cow),usp,
"milk (fluid, cow)",usp,
"milk (fluid, water buffalo)",usp,
milk (non-authentic species),usp,
milk (ovine),usp,
milk (water buffalo),usp,
milk drink,rasff,
milk drink containing melamine,rasff,
milk from non-authentic animal species,usp,
milk from non-authentic geographic origin,usp,
milk from non-authentic heat process,usp,
milk from non-authentic species,usp,
milk ingredients (cow),usp,
milk ingredients (water buffalo),usp,
milk low on fat and 'solids not fat' content,ema,
milk of non-authentic geographic origin,usp,
milk powder,usp,
milk powder,ema,
milk powder and non-potable water,usp,
milk powders,ema,
milk proteins,usp,
milk proteins,ema,
millet,usp,
millet seeds,usp,
mineral oil,ema,
mineral oil,rasff,
mineral oil,usp,
mineral oil contaminated with ortho-cresyl-phosphate,usp,
mineral oil used,rasff,
mineral oils,ema,
mink,ema,
misbranded beverages,ema,
misbranded chicken,ema,
misgurnus anguillicaudatus,ema,
mislabeled beef products,ema,
mislabeled circassian cheese,ema,
mislabeled extra virgin olive oil,ema,
mislabeled fresh meat product,ema,
mislabeled halal beef,ema,
mislabeled halal product,ema,
mislabeled ham,ema,
mislabeled meat,ema,
mislabeled milk,ema,
mislabeled pre-packaged foods,ema,
mislabeled product marked as usda certified ground beef,ema,
mislabeled sunflower oil,ema,
mislabelled canned tuna,ema,
mixing palm oil,ema,
"mixture of beef-tallow, stearine, and flavor",usp,
"mixture of beet sugar, corn sugar, monosodium glutamate, ascorbic acid, potassium sulfate, orange pulp wash, grapefruit solids, and a byproduct from a water distillation system",usp,
"mixture of beet sugar, pulp wash, amino and citric acids, and natamycin",usp,
mixture of glucose and fructose,usp,
mixture of high-fructose corn syrup and water,usp,
mixture of potato and plastic resin,usp,
"mixture of soybean oil, vegetable oil, butter and turmeric",usp,
mixture of sugar (cane or corn) and water,usp,
"mixture of sugar (corn, beet, or cane) and water",usp,
mixture of sugars (c4 derived),usp,
"mixture of sunflower oil, chlorophyll, and beta-carotene",usp,
mixture of water and sweeteners,usp,
"mixture of water, sweeteners, and preservatives",usp,
"mixture of water, sweeteners, flavorings, and colors",usp,
molasses,usp,
molasses,ema,
mold,ema,
molybdenum amino acid chelate,rasff,
molybdenum chelate,rasff,
monoethylene glycol,rasff,C(CO)O
monosodium glutamate,rasff,N[C@@H](CCC(=O)O)C(=O)[O-].[Na+]
monoterpene hydrocarbons,usp,
"monoterpene sulphide fractions synthesised from the hydrogen sulphide treatment of pulegone, including p-menthan-8- thiol-3-one",usp,
montan acid esters,rasff,
morphine,rasff,C1=CC(O)=C2C=3[C@@]45[C@@H](O2)[C@@H](O)C=C[C@H]4[C@@H](CC13)N(C)CC5
morpholine,rasff,N1CCOCC1
motor oil,usp,
mushroom of non-authentic botanical origin (hygrophoropsis aurantiaca),usp,
mushroom of non-authentic botanical origin (suillus luteus),usp,
must concentration,usp,
mustard oil,usp,C=CCN=C=S
mustard seed husk,usp,
mutton,ema,
mutton fat,usp,
mutton of non-authentic geographic origin,usp,
mutton snapper,ema,
mycotoxin,fda,
myrtle leaves,ema,
n-acetylcysteine,rasff,CC(=O)N[C@@H](CS)C(O)=O
n-didesmethyl sibutramine,rasff,
n-homomenthyl salicilate,usp,
naphthalene,rasff,C1=CC=CC2=CC=CC=C12
naphthol yellow,usp,[Na+].[O-]c1c2cc(ccc2c(cc1[N+]([O-])=O)[N+]([O-])=O)[S]([O-])(=O)=O
naphtol yellow,usp,
narrowleaf plantain,ema,
natamycin,rasff,
natamycin,ema,
neroli oil (citrus aurantium subsp. aurantium),usp,
netuma thalassinus [common name giant whiskered fish or whiskered fish],ema,
nickel,usp,[Ni]
nickel,rasff,[Ni]
"nickel, cobalt",rasff,
nicotine,ema,N1=CC=CC(=C1)C1N(C)CCC1
nimesulide,rasff,C[S](=O)(=O)Nc1ccc(cc1Oc2ccccc2)[N+]([O-])=O
nitrate,rasff,[N+](=O)([O-])[O-]
nitrate,usp,[N+](=O)([O-])[O-]
nitrates,rasff,[O-][N+]([O-])=O
nitrates,ema,[O-][N+]([O-])=O
nitrite,rasff,N(=O)[O-]
nitrites,rasff,
nitrofuran,ema,[N+](=O)([O-])C=1OC=CC1
nitrofurans,fda,
"nitrogen containing fertilizers (urea, ammonia, or ammonia salts)",usp,
non food-grade ingredient,rasff,
non zam zam water,ema,
non zamzam water,ema,
non-authentic aroma compounds,usp,
non-authentic botanical ingredients with flavanoids,usp,
non-authentic brand,usp,
non-authentic brand baby food,usp,
non-authentic brand coffee,usp,
non-authentic brand drink mix,usp,
non-authentic brand of chicken stock,usp,
non-authentic brand of scotch whiskey,usp,
non-authentic brand of wine,usp,
non-authentic citrus oil,usp,
non-authentic citrus oils,usp,
non-authentic country origin,usp,
non-authentic cultivar,usp,
non-authentic diluent,usp,
non-authentic essential oil,usp,
non-authentic fat,usp,
non-authentic fats,usp,
non-authentic fats or oils,usp,
non-authentic fish species,usp,
"non-authentic fruit juice concentrates such as mulberry, fig, and carob bean",usp,
non-authentic geographic origin,usp,
"non-authentic herbs (e.g., savory, thyme)",usp,
non-authentic juice,usp,
"non-authentic juices (e.g., grapefruit juice)",usp,
"non-authentic juices, sugars, and acids",usp,
non-authentic leaves,usp,
"non-authentic leaves (e.g., sumac, cistus)",usp,
non-authentic linalool and linalyl acetate,usp,
non-authentic manufacturer,usp,
non-authentic material,usp,
non-authentic materials,usp,
non-authentic meat species,usp,
non-authentic milk (bovine),usp,
non-authentic milk (cow),usp,
"non-authentic milk species (ovine, bovine, caprine, and water buffalo)",usp,
non-authentic oil,usp,
non-authentic oils,usp,
non-authentic oils and fats,usp,
non-authentic olive oils,usp,
non-authentic organic acids,usp,
non-authentic rice variety,usp,
non-authentic species,usp,
non-authentic species dyed with tartrazine and ponceau 2r,usp,
non-authentic species of fish,usp,
non-authentic spirit or geographic origin,usp,
non-authentic spirits,usp,
non-authentic substances,usp,
non-authentic sugars,usp,
non-authentic sweeteners,usp,
non-authentic varietal,usp,
non-authentic variety,usp,
non-authentic vodka,usp,
non-authentic wine,usp,
non-dairy fats and oils,usp,
non-dioxin-like polychlorobifenyls,rasff,
non-edible ghee,ema,
non-edible oils mixed with butter yellow and artificial flavor,usp,
non-food grade milk powder,ema,
non-free range eggs,ema,
non-halal beef,ema,
non-hungarian paprika,ema,
non-italian oils,ema,
non-kona coffee beans,ema,
non-kosher certified olive oil,ema,
non-maryland blue crab,ema,
non-organic alfalfa,ema,
non-organic barley,ema,
non-organic corn,ema,
non-organic eggs,ema,
non-organic field beans,ema,
non-organic field peas,ema,
non-organic grain,ema,
non-organic ingredients,ema,
non-organic linseed,ema,
non-organic milk,usp,
non-organic millet,ema,
non-organic oats,ema,
non-organic pork,ema,
non-organic potatoes,ema,
non-organic rapeseed,ema,
non-organic sorghum,ema,
non-organic soybeans,ema,
non-organic sunflower,ema,
non-organic wheat,ema,
non-parmesan cheese,ema,
non-permitted grape varieties,ema,
"non-pomegranate anthocyanins from aronia, grape skin, elderberry, black currant, or black carrot",usp,
non-potable water,usp,
non-spanish saffron,ema,
non-stamen crocus parts,ema,
non-stigma parts of crocus sativus linnaeus,usp,
non-wild honey,ema,
non-wuchang rice,ema,
none,ema,
nonvolatile residue of grapefruit oil,usp,
nonvolatile residue of lime oil,usp,
noodles with less than 50% rice,ema,
nor-acetildenafil,rasff,
norbixin,usp,CC(=C\C=C\C=C(C)\C=C\C=C(C)\C=C\C(O)=O)/C=C/C=C(C)/C=C/C(O)=O
nordihydroguaiaretic acid,rasff,C[C@H](Cc1ccc(O)c(O)c1)[C@@H](C)Cc2ccc(O)c(O)c2
norfloxacin,ema,CCN1C=C(C(O)=O)C(=O)c2cc(F)c(cc12)N3CCNCC3
not specified,ema,
novel food,rasff,
"novel food ingredient achyranthes aspera, potassium aspartate",rasff,
novel food ingredient betaine,rasff,
"novel food ingredient betaine, tocotrienol, methylcobalamin",rasff,
novel food ingredient creatine derivative,rasff,
novel food ingredient epimedium,rasff,
novel food ingredient ginseng,rasff,
novel food ingredient gymnema syvestre,rasff,
novel food ingredient gynostemma pentaphyllum,rasff,
"novel food ingredient gynostemma pentaphyllum, novel food ingredient milk thistle",rasff,
"novel food ingredient hemidesmus indicus, novel food ingredient hydrastis canadensis",rasff,
novel food ingredient mucuna pruriens,rasff,
"novel food ingredient rhodiola rosea, citrulline",rasff,
"nutmeg terpenes, a-pinene, limonene, and turpentine fractions",usp,
nutrients,rasff,
nuts of non-authentic botanical or geographic origin,usp,
o. vulgaris,ema,
octopamine hydrochloride,rasff,
octopus vulgaris,ema,
offal,usp,
oil,usp,
oil from non-authentic botanical origin,usp,
oil from non-authentic botanical origin rich in linoleic acid,usp,
oil from non-authentic botanical/varietal origin,usp,
oil from non-authentic origin,usp,
oil from non-authentic species,usp,
oil made from animal carcass and fat,ema,
oil of non-authentic botanical origin,usp,
oil residues from cold extraction of bergamot,usp,
oil residues from cold extraction of bergamot combined with synthetic compounds,usp,
oil-contaminated cocoa beans,rasff,
oil-contaminated pe-hd granules,rasff,
oil-pollution,rasff,
oil-soluble coloring agent,ema,
oils of non-authentic botanical or geographic origin,usp,
oils of non-authentic botanical origin,usp,
oils of non-authentic origin,usp,
oleic acid,ema,C(CCCCCCC\C=C/CCCCCCCC)(=O)O
olive leaves,ema,
olive oil,usp,
olive oil from non-authentic botanical origin,usp,
olive oil from non-authentic geographic origin,usp,
olive oil of non-authentic geographic origin,usp,
olive oil or olive pomace oil,usp,
olive oil with a high free fatty acid content,ema,
olive oils of non-authentic botanical or geographic origin,usp,
olive oils of non-authentic geographic origin,usp,
olive pomace oil,ema,
olive pomace oil,usp,
olives (coquillo cultivar),usp,
olives (leccino cultivar),usp,
onion dyed with ecosin,usp,
opah,ema,
opium,ema,
opium poppy seeds,ema,
optical whitener,ema,
orange juice from non-authentic botanical origin,usp,
orange juice of non-authentic geographic origin,usp,
orange pulp wash,ema,
orange pulpwash,ema,
orange pulpwash,usp,
orange pulpwash plus synthetic sugar/acid mixture,usp,
orange terpenes or sweet orange oil distilled and minor amounts of (+)-nootkatone,usp,
"orange terpenes, lemon terpenes, and by-products (e.g., steam-stripped lemon oil)",usp,
organic germanium,rasff,
organic/rotten tomatoes,ema,
orthophenylphenol,rasff,C1(=CC=CC=C1)C1=C(C=CC=C1)O
"other ""non natural"" ingredients",ema,
other actea and cimicifuga species,usp,
other beef types,ema,
other chemicals,ema,
"other citrus leaf oils and fractions, fatty aldehydes, linalyl acetate, and orange terpenes",usp,
other fish species,ema,
other game meats,ema,
other meats,ema,
other varieties of cheese,ema,
ouzo,rasff,
overdosage with nicotinic acid,rasff,
ovine,ema,
ox offal tissue (kidney or liver),usp,
oxytocin,usp,CC[C@H](C)[C@@H]1NC(=O)[C@H](Cc2ccc(O)cc2)NC(=O)[C@@H](N)CSSC[C@H](NC(=O)[C@H](CC(N)=O)NC(=O)[C@H](CCC(N)=O)NC1=O)C(=O)N3CCC[C@H]3C(=O)N[C@@H](CC(C)C)C(=O)NCC(N)=O
oxytocin,ema,CC[C@H](C)[C@@H]1NC(=O)[C@H](Cc2ccc(O)cc2)NC(=O)[C@@H](N)CSSC[C@H](NC(=O)[C@H](CC(N)=O)NC(=O)[C@H](CCC(N)=O)NC1=O)C(=O)N3CCC[C@H]3C(=O)N[C@@H](CC(C)C)C(=O)NCC(N)=O
p-aminobenzoic acid,usp,NC1=CC=C(C(=O)O)C=C1
"pacific dog snapper (lutjanus
novemfasciatus)",usp,
pacific ocean perch,ema,
pacific rockfish,usp,
paddlefish roe,usp,
paddlefish roe,ema,
paddy husk,ema,
palm kernel oil,usp,
palm kernel oil,ema,
palm kernel olein,usp,
palm oil,usp,
palm oil,ema,
palm oil (desterolilzed),usp,
palmolein,ema,
pampus punctatissimus,ema,
panax quinquefolius,usp,
pangasius,ema,
"pangasius ""catfish"" (pangasius
hypophthalmus)",usp,
pangasius hypophthalmus,ema,
pangasius hypophthalmus imports from vietnam,ema,
papain,rasff,
papaya or other non-authentic plant seeds,usp,
papaya seed,usp,
papaya seeds,ema,
papaya seeds,usp,
paper,usp,
paprika extract,ema,CC1=C(/C=C/C(C)=C/C=C/C(C)=C/C=C/C=C(C)/C=C/C=C(C)/C=C/C(=O)[C@]2(C)C[C@@H](O)CC2(C)C)C(C)(C)C[C@H](O)C1
paprika extract (color),usp,
paprika of non-authentic geographic origin,usp,
para red,ema,[O-][N+](=O)c1ccc(N\N=C2/C(=O)C=Cc3ccccc23)cc1
para-cymene and carvacrol,usp,CC(C)c1ccc(C)cc1.CC(C)c2ccc(C)c(O)c2
para-cymene and thymol,usp,CC(C)c1ccc(C)cc1.CC(C)c2ccc(C)cc2O
para-toluene sulphonamide,rasff,C1=C(O)C(C)=CC=C1C(C)C.C1(=CC=C(C=C1)C)C(C)C
paraffin,rasff,C1=C(C)C=CC(C(C)C)=C1O.C1(=CC=C(C=C1)C)C(C)C
paraffin coating,rasff,C1(=CC=C(C=C1)S(=O)(=O)N)C
paraffin oil,usp,
paraffin oil,rasff,
paraffin wax,usp,
paraffin wax,ema,
partial invert cane syrup,usp,
patagonian toothfish,usp,
patchouli and vetiver distillation residues,usp,
"patchouli oil, vetiver oil, and to some extent ginger oil",usp,
patent blue v,usp,[Na+].CCN(CC)c1ccc(cc1)[C+](c2ccc(cc2)N(CC)CC)c3ccc(cc3[S]([O-])(=O)=O)[S]([O-])(=O)=O
patulin,fda,OC1OCC=C2OC(=O)C=C12
pea,usp,NCCc1ccccc1
pea flour,usp,
pea protein,usp,
peach kernels,usp,
peanut,usp,
peanut flavor,usp,
peanut oil,usp,
peanut powder,ema,
peanut shell,usp,
peanut shells,usp,
peanuts,ema,
pear juice,usp,
pear seed,usp,
pecan nuts,rasff,
penicillin,ema,[Na].CC1(C)SC2C(NC(=O)Cc3ccccc3)C(=O)N2C1C(O)=O
pentapotassium triphosphate,rasff,[O-]P([O-])(=O)OP(=O)([O-])OP(=O)([O-])[O-].[K+].[K+].[K+].[K+].[K+]
perch,ema,
perchlorate,rasff,Cl(=O)(=O)(=O)[O-]
perilla oil,usp,
peroxide,rasff,
peroxide value,rasff,
"persipan (mixture of bitter almonds, apricot, or peach kernels)",usp,
pesticide,fda,
pesticide residues,rasff,
pet food,ema,
petals of carthamus tinctorius l. or calendula officinalis l.,usp,
petals of cynara cardunculus mixed with glyceroborate and potassium nitrate and color with red dye,usp,
petitgrain oil terpeneless (citrus aurantium subsp. aurantium),usp,
petroleum,usp,
petroleum hydrocarbons,rasff,
phaseolus vulgaris beans,usp,
phenolphthalein,rasff,Oc1ccc(cc1)C2(OC(=O)c3ccccc23)c4ccc(O)cc4
phenoxyethanol,rasff,O(C1=CC=CC=C1)C(C)O
phenylalanine,rasff,N[C@@H](CC1=CC=CC=C1)C(=O)O
phenylalanine,usp,N[C@@H](CC1=CC=CC=C1)C(=O)O
phosphate,rasff,P(=O)([O-])([O-])[O-]
phosphates,ema,
phosphoric acid,rasff,P(O)(O)(O)=O
phosphoric acid,ema,P(O)(O)(O)=O
picric acid color,usp,
pig fat,usp,
pig hearts,ema,
pig offal,ema,
pig's blood,ema,
pigments,ema,
pilocarpine hydrochloride,ema,[Cl-].CC[C@H]1[C@H](COC1=O)Cc2cncn2C.[H+]
pineapple juice,usp,
pink ear emperor,ema,
"piper berries (p. attenuatum, p. galeatum)",usp,
piperidenafil,rasff,
pistachio,usp,
plain caramel,rasff,
plant hormone,ema,
plant material,ema,
plant parts,rasff,
plant proteins,usp,
plastic,usp,
plum fruit (prunus salicina),usp,
plum juice,usp,
plum puree,usp,
plum sclereids,ema,
polish ham,ema,
pollachius virens,ema,
pollack,ema,
pollock,ema,
polybutadiene,rasff,C\C=C\C
polychlorobifenyls,rasff,
polycyclic aromatic hydrocarbons,rasff,
polycyclic aromatic hydrocarbons (pahs),ema,
polyphosphates,rasff,
polysorbates,rasff,
pomegranate fiber,usp,
ponceau 4r,usp,[Na+].[Na+].[Na+].[O-][S](=O)(=O)c1cc2C=CC(=O)\C(=N/Nc3ccc(c4ccccc34)[S]([O-])(=O)=O)c2c(c1)[S]([O-])(=O)=O
ponceau 4r / cochineal red a,rasff,
poor quality infant formula,ema,
poplar tree gum,usp,
poppy petals,usp,
porcine,ema,
porcine bones,ema,
porcine gristle,ema,
pork,usp,
pork,ema,
pork fat,usp,
pork from diseased pig,ema,
pork jowl,ema,
pork lard,usp,
pork marinated in beef extract and glazing agent,usp,
pork meat,ema,
pork meat,usp,
portuguese sole [synaptura lusitanica],ema,
possible canola oil,ema,
possible low quality oil,ema,
possible rapeseed oil,ema,
potassium aspartate,rasff,N[C@@H](CC(=O)[O-])C(=O)[O-].[K+].[K+]
potassium dichromate,ema,[Cr](=O)(=O)([O-])O[Cr](=O)(=O)[O-].[K+].[K+]
potassium ferrocyanide,rasff,[Fe-4](C#N)(C#N)(C#N)(C#N)(C#N)C#N.[K+].[K+].[K+].[K+]
potassium hydroxide,usp,[OH-].[K+]
potassium nitrate,usp,[N+](=O)([O-])[O-].[K+]
potassium sorbate,rasff,C(\C=C\C=C\C)(=O)[O-].[K+]
potassium sorbate,ema,C(\C=C\C=C\C)(=O)[O-].[K+]
potato,ema,
potato flour,usp,
potato products,rasff,
potato starch,usp,
potatoes,ema,
potentially depc,ema,
potentially natamycin,ema,
potentially oleum320/idea,ema,
poultry,ema,
powdered coloring agent,ema,
powdered horse dung,usp,
powdered stone,usp,
powdered ziziphus nummularia fruit,usp,
prepared dishes,rasff,
preservatives,ema,
previously used tea leaves,usp,
printing chemicals,ema,
prionace glauca [market names: shark or blue shark],ema,
processed animal fat (gutter oil),usp,
processed animal proteins,usp,
progesterone,rasff,CC(=O)[C@H]1CC[C@H]2[C@@H]3CCC4=CC(=O)CC[C@]4(C)[C@H]3CC[C@]12C
proline,usp,N1[C@H](C(=O)O)CCC1
propionic acid,rasff,C(CC)(=O)O
propolis of non-authentic geographic origin,usp,
propyl p-hydroxybenzoate,rasff,OC1=CC=C(C(=O)OCCC)C=C1
propyl p-hydroxybenzoate (antimicrobial compound),usp,
propylene glycol,rasff,C(C(C)O)O
prostrate knotweed,ema,
protein,rasff,
protein powder,usp,
prussian blue,usp,
pseudomonas aeruginosa,rasff,
pseudoplastytoma tigrinum [common name caparari],ema,
pseudovardenafil,rasff,
puffer fish,ema,
puffer fish,usp,
pulverized lime,ema,
pulverized lime,usp,
pumpkin puree,usp,
pure alcohol,ema,
putna rice,ema,
pvc,rasff,ClC=C
quercetin,usp,Oc1cc(O)c2C(=O)C(=C(Oc2c1)c3ccc(O)c(O)c3)O
quicksilver,rasff,[Hg]
quinoline dye,usp,
quinoline yellow,rasff,[Na+].[Na+].[O-][S](=O)(=O)c1cc2ccc(nc2c(c1)[S]([O-])(=O)=O)C3C(=O)c4ccccc4C3=O
quinoline yellow,usp,[Na+].[Na+].[O-][S](=O)(=O)c1cc2ccc(nc2c(c1)[S]([O-])(=O)=O)C3C(=O)c4ccccc4C3=O
radioactive oregano,ema,
radioactive polonium,ema,
rainbow trout,ema,
raisin sweetener,usp,
rajgeera (amaranthus paniculatas),usp,
raman,usp,
rancid cooking oil,usp,
rape,ema,
rapeseed oil,usp,
rat,ema,
rat meat and fox meat,usp,
rat poison,ema,
reconstituted bergamot oil,usp,
reconstituted milk powder,usp,
reconstituted orange juice,usp,
"reconstructions using damascones, beta-ionone plus -citronellol and other rose alcohols, plus rose steroptenes",usp,
recovered oils,usp,
recycled vegetable oil,usp,
red 2g,usp,[Na+].[Na+].CC(=O)Nc1cc(cc2C=C(\C(=N/Nc3ccccc3)C(=O)c12)[S]([O-])(=O)=O)[S]([O-])(=O)=O
red 2g,rasff,[Na+].[Na+].CC(=O)Nc1cc(cc2C=C(\C(=N/Nc3ccccc3)C(=O)c12)[S]([O-])(=O)=O)[S]([O-])(=O)=O
red clay,usp,
red currant juice,usp,
red grape juice,usp,
red lead,usp,O=[Pb].O1O[Pb]O[Pb]O[Pb]1
red oxide paint,ema,
red pigment,ema,
red vetch [blanche fleur (v. sativa)],usp,
red wine,rasff,
red wine of non-authentic botanical origin,usp,
red-dyed silk fiber,usp,
refined beef tallow,usp,
refined edible oil,usp,
refined oil,usp,
refined oil,ema,
refined oils,usp,
refined olive oil,ema,
refined palm stearin,usp,
refined rice bran oil,usp,
refined vegetable oil,ema,
regular fat and calorie cinnamon rolls,ema,
regular fat and calorie cookies,ema,
regular fat and calorie doughnuts,ema,
reinhardtius hippoglossoides,ema,
rennet whey proteins,usp,
reprocessed industrial rapeseed oil containing aniline,usp,
residue level above mrl for copper,rasff,
resin,usp,
resin,ema,
rhodamine b,usp,[Cl-].CCN(CC)c1ccc2c(c1)[o+]c3cc(ccc3c2c4ccccc4C(O)=O)N(CC)CC
rhodamine b,rasff,[Cl-].CCN(CC)c1ccc2c(c1)[o+]c3cc(ccc3c2c4ccccc4C(O)=O)N(CC)CC
rhodamine b,ema,[Cl-].CCN(CC)c1ccc2c(c1)[o+]c3cc(ccc3c2c4ccccc4C(O)=O)N(CC)CC
rhubarb compote,usp,
ribe rice,ema,
rice,ema,
rice brawn oil,ema,
rice flour,ema,
rice flour,usp,
rice from heilongjiang province,ema,
rice from hubei province,ema,
rice from jiangsu province,ema,
rice from non-authentic botanical origin,usp,
rice from non-authentic geographic origin,usp,
rice granules,ema,
rice husk and castor oil base,usp,
rice husk and wood fiber,usp,
rice of non-authentic botanical origin,usp,
rice powder,usp,
rice starch,usp,
rice sugar,ema,
rice syrup,usp,
road salt,usp,
roasted barley,usp,
roasted beans,usp,
roasted corn,usp,
roasted date seeds,usp,
roasted grains,usp,
roasted soybeans,usp,
"roasted, ground barley",usp,
"roasted, ground corn",usp,
"roasted, ground parchment",usp,
robusta coffee,usp,
rockfish,usp,
rockfish,ema,
rocu dye,ema,
root of non-authentic botanical origin,usp,
roots of allium porrum l.,usp,
rose snapper,ema,
rosin and petroleum,usp,
rotten fruit,ema,
rotten pork,ema,
rotten wheat,ema,
royal jelly produced from non-authentic saccharide sources,usp,
rubbing alcohol,ema,CC(C)O
russian caviar,ema,
rye flour,usp,
sablefish (anaplopoma finbira),usp,
saccharin,rasff,S1(=O)(=O)NC(=O)C2=CC=CC=C12
saccharin,ema,S1(=O)(=O)NC(=O)C2=CC=CC=C12
saccharin sodium,ema,[Na].S1(=O)(=O)NC(=O)C2=CC=CC=C12
saccharine,ema,S1(=O)(=O)NC(=O)C2=CC=CC=C12
"saffron impregnated with syrups, glycerin, or oils",usp,
saffron of non-authentic geographic origin,usp,
saffron petals,usp,
"saffron stamens or styles, or stigmas from other crocus species such as marigolds",usp,
saffron with artificially increased water content,usp,
saigon beer,ema,
saithe,ema,
"saithe (pollachius
virens)",usp,
salicylic acid,ema,OC(=O)c1ccccc1O
salicylic acid,rasff,C(C=1C(O)=CC=CC1)(=O)O
salicylic acid,usp,C(C=1C(O)=CC=CC1)(=O)O
"salmon (atlantic, farm-raised)",usp,C(C=1C(O)=CC=CC1)(=O)O
salmon (china origin),usp,
salmon (chinese),usp,
salmon (farm-raised),usp,
salmon roe,usp,
salmonella,ema,
salmonella,fda,
salmonella enteriditis,ema,
salmonella hadar,rasff,
salmonella typhimurium bacteria,ema,
salt,usp,[Na+].[Cl-]
salt,ema,[Na+].[Cl-]
salt,rasff,[Na+].[Cl-]
salted boneless skinless chicken breast contaminated with diesel oil during transport,rasff,
saltpeter,usp,[K+].[O-][N+]([O-])=O
samak,ema,
sand,usp,O=[Si]=O
sand,ema,O=[Si]=O
sand and talcum,usp,
sand sole,ema,
"sand, marble, or stones",usp,
sandalwood dye,usp,
sandalwood terpenes and sandalwood fragrance chemicals,usp,
sandlewood dust,usp,
sardines,usp,
saw dust,usp,
sawdust,usp,
sawdust and jiegeng (platycodon grandiflorum),usp,
scallop-flavored seafood nuggets,ema,
scamp grouper,ema,
scented and colored resin,usp,
sciaenidae,ema,
scomberomorus niphonius,ema,
sea bass,usp,
seabream (pagrus major),usp,
sedatives,ema,
seed oil,usp,
seed oil,ema,
seed oils,usp,
seignette's salt,usp,
selenium,rasff,[Se]
semicarbazide,rasff,NNC(=O)N
semicarbazide,usp,NNC(=O)N
"semolina, rice flour, and sodium bicarbonate",usp,
semoline,ema,
senegalese sole,ema,
senegalese tonguesole [cynoglossus senegalensis],ema,
senna alexandrina mill.,rasff,
serine,usp,N[C@@H](CO)C(=O)O
sesame meal,usp,
sesame oil,usp,
sesame oil of non-authentic geographic origin,usp,
sewage water,ema,
sharbetti rice,ema,
sheep meat,ema,
sheep milk,ema,
shell eggs (barn raised),usp,
shell eggs (caged),usp,
shell eggs (conventional),usp,
shell eggs of non-authentic geographic origin,usp,
shigella,fda,
shiraz wine of non-authentic geographic origin,usp,
shortfin mako shark,ema,
shovelnose sturgeon,ema,
shrimp (chinese),usp,
shrimp from thailand,ema,
"shrimp from thailand, malaysia, or indonesia",usp,
shrimp of non-authentic geographic origin,usp,
sibutramine,rasff,CC(C)CC(N(C)C)C1(CCC1)c2ccc(Cl)cc2
sibutramine,usp,CC(C)CC(N(C)C)C1(CCC1)c2ccc(Cl)cc2
sibutramine suspected,rasff,
sildenafil,ema,CCCc1nn(C)c2C(=O)N=C(Nc12)c3cc(ccc3OCC)[S](=O)(=O)N4CCN(C)CC4
sildenafil,rasff,CCCc1nn(C)c2C(=O)N=C(Nc12)c3cc(ccc3OCC)[S](=O)(=O)N4CCN(C)CC4
sildenafil thiono analogue,rasff,
"sildenafil thiono analogues, tadalafil",rasff,
"sildenafil, sildenafil thiono analogue",rasff,
silk snapper,usp,
silver,rasff,[Ag]
singhada,ema,
sinopol (a detergent),ema,
skim milk powder (reconstituted),usp,
skim milk powder (reconstituted),usp,
skimmed milk powder,usp,
skimmed milk powder,ema,
skins,ema,
skipjack,usp,
slinger seabream,ema,
smell,rasff,
smoke flavouring,rasff,
smoked hams,rasff,
smoked paprika from non-authentic geographic origin,usp,
smoked whiting,ema,
smooth amaranth,ema,
smuggled beef,ema,
smuggled beluga caviar,ema,
smuggled frozen meat,ema,
snapper,usp,
snapper,ema,
soap stone,usp,
soda,usp,O.O.O.O.O.O.O.O.O.O.[Na+].[Na+].[O-]C([O-])=O
soda lye,rasff,[OH-].[Na+]
sodium,ema,[Na]
sodium,rasff,[Na]
sodium alginate,ema,
sodium aluminium phosphate,rasff,P(=O)([O-])([O-])[O-].[Al+3].[Na+]
sodium azide,rasff,[N-]=[N+]=[N-].[Na+]
sodium benzoate,rasff,C(C1=CC=CC=C1)(=O)[O-].[Na+]
sodium benzoate fortified orange pulpwash,usp,
sodium carbonate,usp,C([O-])([O-])=O.[Na+].[Na+]
sodium carbonates,rasff,
sodium chloride,ema,[Cl-].[Na+]
sodium chloride,usp,[Cl-].[Na+]
sodium citrate,ema,C(CC(O)(C(=O)[O-])CC(=O)[O-])(=O)[O-].[Na+].[Na+].[Na+]
sodium citrate peroxide,ema,
sodium copper chlorophyllin,ema,[Na+].[Na+].[Na+].[Cu++].CCc1c(C)c2cc3[n-]c(cc4[n-]c(C(CCC([O-])=O)C4C)c(CC([O-])=O)c5nc(cc1n2)c(C)c5C([O-])=O)c(C)c3C=C
sodium cyclamate,ema,[Na+].[O-][S](=O)(=O)NC1CCCCC1
sodium dichromate,ema,[Cr](=O)(=O)([O-])O[Cr](=O)(=O)[O-].[Na+].[Na+]
sodium dodecylbenzene sulfonate,usp,C(CCCCCCCCCCC)OS(=O)(=O)C1=CC=CC=C1.[Na]
sodium erythorbate,rasff,[Na+].OC[C@H](O)C1OC(=O)[C-](O)C1=O
sodium hydro sulphate,ema,
sodium hydroxide,ema,[OH-].[Na+]
sodium hydroxide,usp,[OH-].[Na+]
sodium hydroxide,rasff,[OH-].[Na+]
sodium metabisulfite,ema,S(=O)(=O)([O-])S(=O)[O-].[Na+].[Na+]
sodium metabisulfite,rasff,S(=O)(=O)([O-])S(=O)[O-].[Na+].[Na+]
sodium methyl p-hydroxybenzoate,rasff,OC1=CC=C(C(=O)OC)C=C1.[Na]
sodium nitrate,rasff,[N+](=O)([O-])[O-].[Na+]
sodium nitrite,ema,N(=O)[O-].[Na+]
sodium nitrite,rasff,N(=O)[O-].[Na+]
sodium propyl p-hydroxybenzoate,rasff,OC1=CC=C(C(=O)OCCC)C=C1.[Na]
sodium sorbate,rasff,C(\C=C\C=C\C)(=O)[O-].[Na+]
sodium sulfate,usp,S(=O)(=O)([O-])[O-].[Na+].[Na+]
sodium tripolyphosphate,ema,[Na+].[Na+].[Na+].[Na+].[Na+].[O-][P]([O-])(=O)O[P]([O-])(=O)O[P]([O-])([O-])=O
sodium-based compound,ema,
sodium-based water retention agent and water,usp,
soft wheat,usp,
soil,ema,
sole,ema,
solution,rasff,
solution of d-fructose and d-glucose,usp,
some powders,ema,
some unknown chemicals,ema,
sorbic acid,ema,C(\C=C\C=C\C)(=O)O
sorbic acid,rasff,C(\C=C\C=C\C)(=O)O
sorbitan tristearate,rasff,CCCCCCCCCCCCCCCCCC(=O)OCC(OC(=O)CCCCCCCCCCCCCCCCC)[C@H]1OC[C@@H](O)[C@@H]1OC(=O)CCCCCCCCCCCCCCCCC
sorbitol,usp,OC[C@H](O)[C@@H](O)[C@H](O)[C@H](O)CO
sorbitol,ema,OC[C@H](O)[C@@H](O)[C@H](O)[C@H](O)CO
"sorbitol-containing fruit juices (e.g., apple, pear, cherry, or aronia",usp,
soy,ema,
soy,usp,
soy flour,usp,
soy milk,usp,
soy oil,usp,
soy oil,ema,
soy protein,ema,
soy protein,usp,
soy sauce derived from acid hydrolyzed vegetable protein,usp,
soya,rasff,
soya oil,ema,
soybean,ema,
soybean,usp,
soybean flour,usp,
soybean meal,usp,
soybean oil,usp,
soybean oil,ema,
soybean oil (desterolilzed),usp,
soybean powder,usp,
soybean protein,usp,
soybeans,ema,
soymilk,usp,
spanish extra virgin olive oil,ema,
spanish olive oil,ema,
spent black pepper meal,usp,
spice powder from non-authentic botanical/varietal origin,usp,
spices,ema,
spike lavender oil (lavandula latifolia),usp,
spinach absolute (spinacia oleracea),usp,
spiny dogfish,ema,
spoiled pork,ema,
squalus acanthias [market names: shark,ema,
squid (dosidicus gigas),usp,
squid (eledone cirrhosa),usp,
squirefish (porgy),ema,
stachytarpheta jocaicensis,usp,
stamens of carnation species,usp,
stanozolol,rasff,C[C@]1(O)CC[C@H]2[C@@H]3CC[C@H]4Cc5[nH]ncc5C[C@]4(C)[C@H]3CC[C@]12C
staphylococcus,ema,
staphylococcus aureus,ema,
star anise oil (illicium verum),usp,
star-studded grouper,ema,
starch,ema,OC[C@H]1O[C@H](O[C@H]2[C@H](O)[C@@H](O)[C@@H](O)O[C@@H]2CO)[C@H](O)[C@@H](O)[C@@H]1O
starch,usp,OC[C@H]1O[C@H](O[C@H]2[C@H](O)[C@@H](O)[C@@H](O)O[C@@H]2CO)[C@H](O)[C@@H](O)[C@@H]1O
stearic acid,usp,C(CCCCCCCCCCCCCCCCC)(=O)O
stem and chaff of black pepper,usp,
stigma from non-authentic species of crocus,usp,
stigma of corn silk,usp,
stigmas from non-authentic crocus botanical origin (crocus vernus l.; crocus especiousus l.),usp,
stinking chamomile,ema,
stolen baby food,ema,
stolen baby formula,ema,
stolen california walnuts,ema,
stolen infant formula,ema,
stolen liquor,ema,
stolen maple syrup,ema,
stolen muenster cheese,ema,
stolen strawberries,ema,
stolen wine,ema,
stone powder,ema,
stone powder and chalk,usp,
straw,ema,
strawberry juice,usp,
striped catfish [pangasianodon hypophthalmus],ema,
strontium,rasff,[Sr]
strychnine,rasff,O=C1CC2OCC=C3CN4CCC56C4CC3C2C5N1c7ccccc67
sturgeon caviar,ema,
styrene,rasff,C=CC1=CC=CC=C1
sub-standard rice,ema,
substandard mawa,ema,
substandard oil,ema,
substandard oil,usp,
substandard sugar,ema,
substandard water,ema,
succinic acid,rasff,C(CCC(=O)O)(=O)O
sucralose,rasff,OC[C@H]1O[C@H](O[C@]2(CCl)O[C@H](CCl)[C@@H](O)[C@@H]2O)[C@H](O)[C@@H](O)[C@H]1Cl
sucrose,usp,OC[C@H]1O[C@H](O[C@]2(CO)O[C@H](CO)[C@@H](O)[C@@H]2O)[C@H](O)[C@@H](O)[C@@H]1O
sucrose,ema,OC[C@H]1O[C@H](O[C@]2(CO)O[C@H](CO)[C@@H](O)[C@@H]2O)[C@H](O)[C@@H](O)[C@@H]1O
sucrose solution,usp,
sucrose syrup,usp,
sudan 1,ema,O=C\1C=Cc2ccccc2C1=N/Nc3ccccc3
sudan 1 and 4 dyes,usp,
sudan dyes,usp,
sudan dyes,ema,
sudan i,ema,O=C\1C=Cc2ccccc2C1=N/Nc3ccccc3
sudan i dye,usp,
"sudan i, ii, iii, or iv dyes",usp,
sudan ii dye,usp,
sudan iii dye,usp,
sudan iv,ema,Cc1cc(ccc1N\N=C2/C(=O)C=Cc3ccccc23)N=Nc4ccccc4C
sudan iv dye,usp,
sudan red,ema,NC1=CC2N(c3cccc4ccccc34)c5cc(N)c6ccccc6c5N=C2c7ccccc17.Nc8cc9c(nc%10c%11ccccc%11ccc%10[n+]9c%12cccc%13ccccc%12%13)c%14ccccc8%14
sudan red dyes,usp,
sudan red i dyes,usp,
sugar,ema,OC[C@H]1O[C@H](O[C@]2(CO)O[C@H](CO)[C@@H](O)[C@@H]2O)[C@H](O)[C@@H](O)[C@@H]1O
sugar,usp,OC[C@H]1O[C@H](O[C@]2(CO)O[C@H](CO)[C@@H](O)[C@@H]2O)[C@H](O)[C@@H](O)[C@@H]1O
sugar and sodium sulfate,usp,
sugar and water,usp,
sugar of non-authentic geographic origin,usp,
sugar solution,usp,
sugar syrup,usp,
sugar syrup,ema,
sugar syrups,usp,
"sugar syrups from corn, sugar cane, sugar beet, and maple syrup",usp,
sugars,usp,
sugars (corn- or cane-derived),usp,
sulfadimethoxine,ema,COc1cc(N[S](=O)(=O)c2ccc(N)cc2)nc(OC)n1
sulfite,rasff,S(=O)([O-])[O-]
"sulfite, milk ingredient, mustard",rasff,
"sulfite, soya",rasff,
sulfites,fda,
sulfur dioxide,ema,S(=O)=O
sulfur dioxide,usp,S(=O)=O
sulfuric acid,usp,S(O)(O)(=O)=O
sulphuric acid,ema,S(O)(O)(=O)=O
sultana grapes,ema,
sumac,ema,
sunflower oil,usp,
sunflower oil,ema,
sunflower oil (desteroled),usp,
sunflower oil (desterolilzed),usp,
sunset yellow,usp,[Na+].[Na+].[O-][S](=O)(=O)c1ccc(N\N=C2\C(=O)C=Cc3cc(ccc23)[S]([O-])(=O)=O)cc1
sunset yellow dye,usp,
sunset yellow fcf,rasff,[Na+].[Na+].[O-][S](=O)(=O)c1ccc(N\N=C2\C(=O)C=Cc3cc(ccc23)[S]([O-])(=O)=O)cc1
supermarket honey,ema,
surimi-based artificial crab meat,usp,
sutchi,ema,
swai,ema,
swai fish,ema,
sweet corn flavor,ema,
sweet orange oil,usp,
sweet orange oil,ema,
"sweet orange oil (citrus sinensis) and orange terpenes, plus trace amounts of character compounds",usp,
sweet orange oil brazil,usp,
sweet orange oil with added (-)-limonene,usp,
sweet potato,ema,
sweetener neotame,rasff,
sweetlips,ema,
swill or gutter oil (refined oil from recycled food and livestock waste),usp,
swill-cooked dirty oil,ema,
synephrine,rasff,CNCC(O)c1ccc(O)cc1
synthetic allyl isothiocyanate,usp,
"synthetic benzaldehde, eugenol, and cinnamic aldehyde",usp,
synthetic benzaldehyde,usp,
synthetic butter additives,ema,
"synthetic cinnamic aldehyde, methyl cinnamic aldehyde, and coumarin",usp,
synthetic color,usp,
synthetic color additives,usp,
synthetic colors,usp,
synthetic decanal,usp,
synthetic dyes,usp,
synthetic e-2-hexanal,usp,
synthetic e-2-hexenol,usp,
synthetic estragole,usp,
synthetic ethyl butyrate,usp,
synthetic eugenol,usp,COc1cc(CC=C)ccc1O
synthetic gamma- or delta-decalactone,usp,
synthetic honey composed of water and non-authentic sweeteners,usp,
synthetic linalool,usp,
synthetic linalool and linalyl acetate,usp,
synthetic linalyl acetate,usp,
synthetic malic acid with beet sugar,usp,
"synthetic mawa (refined oil, wheat flour, semolina, milk powder, potato, sweet potato, ground rice and chestnut powder)",usp,
synthetic milk,usp,
synthetic milk,ema,
"synthetic milk (caustic soda, oil, salt, sugar, urea, detegent, water)",usp,
"synthetic milk (urea, detergent, refined oil, caustic soda and white paint)",usp,
"synthetic milk comprised of water, urea, soda, sucrose, vegetable oils, skim milk powder, detergent",usp,
synthetic or semi-synthetic (e)-alpha-ionone,usp,
synthetic or semi-synthetic (e)-beta-ionone,usp,
synthetic or semi-synthetic alpha-ionone,usp,
synthetic or semi-synthetic benzaldehyde,usp,
synthetic or semi-synthetic beta-ionone,usp,
synthetic or semi-synthetic cinnamaldehyde,usp,
synthetic or semi-synthetic linalool,usp,
synthetic or semi-synthetic methyl salicylate,usp,
synthetic or semi-synthetic or p-hydroxybenzaldehyde,usp,
synthetic or semi-synthetic raspberry ketone,usp,
synthetic or semi-synthetic vanillin,usp,
synthetic phenylalanine,usp,
synthetic red dye azorubine (e122),ema,
synthetic resin,ema,
synthetic safranal,usp,
synthetic tyrosine,usp,
synthetic vanillin,usp,
synthetically derived acetic acid,usp,
syrup,ema,
tadalafil,rasff,CN1CC(=O)N2[C@H](Cc3c([nH]c4ccccc34)[C@H]2c5ccc6OCOc6c5)C1=O
talc,usp,O.O=[Mg].O=[Mg].O=[Mg].O=[Si]=O.O=[Si]=O.O=[Si]=O.O=[Si]=O
tallow,usp,
tamarind seed,usp,
tamarind seeds,usp,
tangelo juice,usp,
tangerine or mandarin juice,usp,
tapioca starch,usp,
tara gum,usp,
tartrazine,rasff,[Na+].[Na+].[Na+].[O-]C(=O)C1=NN(c2ccc(cc2)[S]([O-])(=O)=O)C(=O)C1N=Nc3ccc(cc3)[S]([O-])(=O)=O
tartrazine,usp,[Na+].[Na+].[Na+].[O-]C(=O)C1=NN(c2ccc(cc2)[S]([O-])(=O)=O)C(=O)C1N=Nc3ccc(cc3)[S]([O-])(=O)=O
taurine,rasff,NCCS(=O)(=O)O
taurine,ema,NCCS(=O)(=O)O
tea,ema,OCCN(CCO)CCO
tea leaves of non-authentic botanical origin,usp,
tea of non-authentic botanical origin,usp,
tea of non-authentic geographic origin,usp,
tea powder,usp,
technical grade anethol,usp,
tequila (derived from non-agave fermentable sugars),usp,
tequila from non-authentic geographic origin,usp,
tequila of non-authentic age (grade),usp,
"terpene hydrocarbon mixtures containing a-pinene and d-3-carene, also juniper branch oil and second grade oils from spoiled juniper berries",usp,
terpenes,usp,
terpenes from sweet orange,usp,
terpinen-4-ol and alpha- and gamma-terpinenes,usp,
tertiary butylhydroquinone,rasff,C(C)(C)(C)C1=C(O)C=CC(=C1)O
tetrachloroethene,rasff,ClC(=C(Cl)Cl)Cl
tetrachloroethylene,rasff,ClC(=C(Cl)Cl)Cl
tetracycline,ema,CN(C)[C@H]1[C@@H]2C[C@H]3C(=C(O)c4c(O)cccc4[C@@]3(C)O)C(=O)[C@]2(O)C(=O)\C(=C(N)/O)C1=O
tetrahydrocannabinol,rasff,CCCCCc1cc(O)c2C3CC(=CCC3C(C)(C)Oc2c1)C
tetramine,ema,[H+].[Cl-].CN(C)C1C2C(O)C3C(=C(O)c4c(O)cccc4C3(C)O)C(=O)C2(O)C(=O)\C(=C(N)\O)C1=O
tetrasodium pyrophosphate,ema,[O-]P([O-])(=O)OP(=O)([O-])[O-].[Na+].[Na+].[Na+].[Na+]
the cold chain -,rasff,
the prince alomo-bitters,ema,
the sum,rasff,
thiourea,usp,NC(=S)N
threads of gelatin,usp,
threonine,usp,N[C@@H]([C@H](O)C)C(=O)O
thresher,ema,
thujone,rasff,CC(C)C12CC1C(C)C(=O)C2
tilapia,usp,
tilapia,ema,
tilapia (chinese),usp,
tilapia (oreochromis niloticus),usp,
tilapia (oreochromis sp.),usp,
tilapia or white bass,usp,
tin,rasff,[Sn]
"tin, cobalt, germanium, vanadium",rasff,
"tin, nickel",rasff,
tinopal,usp,O[S](=O)(=O)c1cc(Nc2nc(Nc3ccccc3)nc(n2)N4CCOCC4)ccc1\C=C\c5ccc(Nc6nc(Nc7ccccc7)nc(n6)N8CCOCC8)cc5[S](O)(=O)=O
titanium dioxide,rasff,[O-2].[O-2].[Ti+4]
tobacco,fda,
tocotrienol,rasff,
toluene,rasff,C1(=CC=CC=C1)C
tomato skin,usp,
tomatoes that did not meet quality specifications,ema,
total color,rasff,
total phosphates,rasff,
toxic substances,ema,
tra fish,ema,
trans fatty acids,rasff,
transshipped butter,ema,
tri-ortho cresyl phosphate,usp,P(=O)(OC1=C(C=CC=C1)C)(OC1=C(C=CC=C1)C)OC1=C(C=CC=C1)C
trichloroethene,rasff,ClC=C(Cl)Cl
triclosan,usp,Oc1cc(Cl)ccc1Oc2ccc(Cl)cc2Cl
triclosan (antimicrobial compound),usp,
triiodothyronine,rasff,N[C@@H](CC1=CC(I)=C(C(I)=C1)OC1=CC(I)=C(C=C1)O)C(=O)O
triphosphate,rasff,[O-]P([O-])(=O)OP(=O)([O-])OP(=O)([O-])[O-]
triuret,usp,NC(=O)NC(=O)NC(=O)N
tropeolin color,usp,
tuna,ema,
turkey,ema,
turkey meat,ema,
turkish hazelnut oil,ema,
turkish honey,ema,
turmeric,usp,COc1cc(\C=C\C(=O)CC(=O)\C=C\c2ccc(O)c(OC)c2)ccc1O
turmeric,ema,COc1cc(\C=C\C(=O)CC(=O)\C=C\c2ccc(O)c(OC)c2)ccc1O
turmeric powder,usp,
turpentine,usp,
turpentine oil,ema,
twigs,usp,
tyrosine,usp,N[C@@H](CC1=CC=C(C=C1)O)C(=O)O
u.s. long grain rice,usp,
uht milk,usp,
unauthorized grapes,ema,
undeclared animal and plant proteins,usp,
undeclared meat species,ema,
undeclared meats,ema,
unidentified color,rasff,
unidentified meat,ema,
united states beef,ema,
unknown,ema,O
unknown fake fish,ema,
unknown milk source,ema,
unlicensed beverages,ema,
unpasteurized cheese,ema,
unsafe ingredient,rasff,
unspecified chemicals,ema,
urea,usp,NC(=O)N
urea,ema,NC(=O)N
urea (synthetic origin),usp,
urea and vegatable oil,ema,
ureaform,usp,
used and discarded oil,ema,
valine,usp,N[C@@H](C(C)C)C(=O)O
vanadium,rasff,[V]
"vanadium, boron citrate, molybdenum amino acid chelate, magnesium chelate, selenium chelate, copper chelate, manganese chelate",rasff,
"vanadium, boron citrate, selenium chelate, copper chelate, manganese chelate, chromium chelate",rasff,
"vanadium, selenium amino acid chelate",rasff,
vanadyl sulphate,rasff,
vanaspati,ema,
vanaspati (hydrogenated vegetable fat),usp,
vanillic alcohol,usp,COc1cc(CO)ccc1O
vanillin,usp,O=CC1=CC(OC)=C(O)C=C1
"vanillin, benzyl benzoate, ethyl and benzyl cinnamates, and benzoic acid to enhance odor (or to pass off cheaper &ldquo;sumatra&rdquo; grades as &ldquo;siam&rdquo;)",usp,
vardenafil,rasff,CCCc1nc(C)c2n1NC(=NC2=O)c3cc(ccc3OCC)[S](=O)(=O)N4CCN(CC)CC4
various fish species from the western part of pacific ocean,ema,
varnish,ema,
vegetable carbon,rasff,
vegetable fat,usp,
vegetable filler,ema,
vegetable ghee,ema,
vegetable margarine,usp,
vegetable material,ema,
vegetable oil,usp,
vegetable oil,ema,
vegetable oil from non-authentic botanical origin,usp,
vegetable oils,ema,
vegetable oils,usp,
vegetable oils of non-authentic botanical or geographic origin,usp,
vegetable oils on non-authentic botanical origin,usp,
vegetable oils rich in linoleic acid,usp,
"vegetable oils, hercolyn d",usp,
vegetale oil,usp,
vehicle anti-freeze,ema,
venetian red,usp,[Ca++].[O-][S]([O-])(=O)=O.O=[Fe]O[Fe]=O
venison,ema,
vermilion,usp,S=[Hg]
veterinary products,ema,
vibrio cholerae,fda,
vietnam-sourced seafood,ema,
vietnam-sourced shrimp,ema,
vietnamese catfish (swai),usp,
vietnamese honey,ema,
vietnamese rice,ema,
vinegar from non-authentic fermentable sugar source,usp,
vinegar made from reconstituted dry grapes,usp,
vinpocetine,rasff,CCOC(=O)C1=C[C@]2(CC)CCCN3CCc4c5ccccc5n1c4[C@H]23
"vinpocetine, citrulline malate",rasff,
virgin olive oil,ema,
virgin olive oil and other vegetable oils,usp,
virgin olive oil from non-authentic geographic origin,usp,
vitamin a,rasff,CC(=C\CO)/C=C/C=C(C)/C=C/C1=C(C)CCCC1(C)C
vitamin b1,rasff,[Cl-].Cc1ncc(C[n+]2csc(CCO)c2C)c(N)n1
"vitamin b12, caffeine",rasff,
vitamin b6,rasff,Cc1ncc(CO)c(CO)c1O
vitamin d,rasff,CC(C)C(C)\C=C\C(C)C1CCC2C(/CCCC12C)=C/C=C3\CC(O)CCC3=C
vitamin e,rasff,CC(C)CCC[C@@H](C)CCC[C@@H](C)CCC[C@]1(C)CCc2c(C)c(O)c(C)c(C)c2O1
vitamins,rasff,
volatile organic compounds,rasff,
walnut oil,usp,
washing powder,usp,
waste or recycled oil,usp,
waste water,ema,
water,ema,O
water,usp,O
water (use of water retention agents or overglazing),usp,
water buffalo,ema,
water buffalo meat,ema,
"water, cane sugar, and maple flavor",usp,
water-retaining agent,ema,
water-soluble corn starch,usp,
weakfish (cynoscion albus),usp,
wheat,ema,
wheat flour,ema,
wheat flour,usp,
wheat protein,usp,
whey,ema,
whey,usp,
whey protein,usp,
whey proteins,usp,
white mica,usp,
white pepper,usp,
whiteleg shrimp,ema,
whiting,usp,
whitting,usp,
wine from grapes of non-authentic botanical origin,usp,
wine from non-authentic brand,usp,
wine from the languedoc-roussillon,ema,
wreck fish (polyprion americanus) or nile perch (lates niloticus),usp,
xylene,rasff,C=1(C(=CC=CC1)C)C
yeast powder,usp,
yellow clay,usp,
yellow colored rice bran,ema,
yellow dye,ema,O=C(Nc1cccc2C(=O)c3ccccc3C(=O)c12)c4ccc(cc4)c5ccc(cc5)N=Nc6ccc(cc6)c7ccc(cc7)C(=O)Nc8cccc9C(=O)c%10ccccc%10C(=O)c89
yellow dye,usp,O=C(Nc1cccc2C(=O)c3ccccc3C(=O)c12)c4ccc(cc4)c5ccc(cc5)N=Nc6ccc(cc6)c7ccc(cc7)C(=O)Nc8cccc9C(=O)c%10ccccc%10C(=O)c89
yellow mouth gropuper,ema,
yellow sesame oil,usp,
yellow tail snapper,ema,
yellowedge grouper,ema,
yellowtail amberjack,ema,
yellowtail fish,usp,
yohimbine,rasff,COC(=O)[C@H]1[C@@H](O)CC[C@H]2CN3CCc4c([nH]c5ccccc45)[C@@H]3C[C@H]12
"yohimbine, synephrine",rasff,
zebra,ema,
zinc,rasff,[Zn]
zinc amino acid chelate,rasff,
"zinc amino acid chelate, selenium amino acid chelate, calcium amino acid chelate, magnesium amino acid chelate",rasff,
zinc arginine chelate,rasff,
